caseid,task,arrive:timestamp,start:timestamp,time:timestamp,role,open_cases,st_tsk_wip,queue,event_nr,hour,lifecycle:transition,month,question,timesincecasestart,timesincelastevent,timesincemidnight,weekday,attrib_trace,label
3871304-1,01_HOOFD_080,2010-06-28 10:00:00,2010-06-28 10:00:00,2010-06-28 10:00:00,560532,10,1.0002315886984716,0,1,10,complete,6,other,0.0,0.0,1320.0,1,"{'Aanleg (Uitvoeren werk of werkzaamheid)': 1.0, 'Bouw': 1.0, 'Brandveilig gebruik (melding)': 1.0, 'Brandveilig gebruik (vergunning)': 1.0, 'Gebiedsbescherming': 1.0, 'Handelen in strijd met regels RO': 1.0, 'Inrit/Uitweg': 1.0, 'Kap': 1.0, 'Milieu (melding)': 1.0, 'Milieu (neutraal wijziging)': 1.0, 'Milieu (omgevingsvergunning beperkte milieutoets)': 1.0, 'Milieu (vergunning)': 1.0, 'Monument': 1.0, 'Reclame': 1.0, 'Responsible_actor': 560458.0, 'SUMleges': -8384.015, 'Sloop': 1.0}",regular
3461877-2,01_HOOFD_010,2010-10-07 10:00:00,2010-10-07 10:00:00,2010-10-07 10:00:00,560532,10,1.1987031032885596,0,1,10,complete,10,EMPTY,-8726400.0,-8726400.0,1320.0,4,"{'Aanleg (Uitvoeren werk of werkzaamheid)': 1.0, 'Bouw': 1.0, 'Brandveilig gebruik (melding)': 1.0, 'Brandveilig gebruik (vergunning)': 1.0, 'Gebiedsbescherming': 1.0, 'Handelen in strijd met regels RO': 1.0, 'Inrit/Uitweg': 1.0, 'Kap': 1.0, 'Milieu (melding)': 1.0, 'Milieu (neutraal wijziging)': 1.0, 'Milieu (omgevingsvergunning beperkte milieutoets)': 1.0, 'Milieu (vergunning)': 1.0, 'Monument': 1.0, 'Reclame': 1.0, 'Responsible_actor': 560458.0, 'SUMleges': 84.29999999999973, 'Sloop': 1.0}",regular
3466211-4,01_HOOFD_010,2010-10-10 09:59:59,2010-10-10 09:59:59,2010-10-10 09:59:59,560532,11,1.1987031032885596,0,1,9,complete,10,EMPTY,-8985599.999999,-8985599.999999,1320.0,7,"{'Aanleg (Uitvoeren werk of werkzaamheid)': 1.0, 'Bouw': 1.0, 'Brandveilig gebruik (melding)': 1.0, 'Brandveilig gebruik (vergunning)': 1.0, 'Gebiedsbescherming': 1.0, 'Handelen in strijd met regels RO': 1.0, 'Inrit/Uitweg': 1.0, 'Kap': 1.0, 'Milieu (melding)': 1.0, 'Milieu (neutraal wijziging)': 1.0, 'Milieu (omgevingsvergunning beperkte milieutoets)': 1.0, 'Milieu (vergunning)': 1.0, 'Monument': 1.0, 'Reclame': 1.0, 'Responsible_actor': 560458.0, 'SUMleges': 1698.2235, 'Sloop': 1.0}",regular
3467931-4,01_HOOFD_010,2010-10-10 09:59:59,2010-10-10 09:59:59,2010-10-10 09:59:59,560532,11,1.1987031032885596,1,1,9,complete,10,EMPTY,-8985599.999999,-8985599.999999,1320.0,7,"{'Aanleg (Uitvoeren werk of werkzaamheid)': 1.0, 'Bouw': 1.0, 'Brandveilig gebruik (melding)': 1.0, 'Brandveilig gebruik (vergunning)': 1.0, 'Gebiedsbescherming': 1.0, 'Handelen in strijd met regels RO': 1.0, 'Inrit/Uitweg': 1.0, 'Kap': 1.0, 'Milieu (melding)': 1.0, 'Milieu (neutraal wijziging)': 1.0, 'Milieu (omgevingsvergunning beperkte milieutoets)': 1.0, 'Milieu (vergunning)': 1.0, 'Monument': 1.0, 'Reclame': 1.0, 'Responsible_actor': 560458.0, 'SUMleges': 84.29999999999973, 'Sloop': 1.0}",regular
3461877-5,01_HOOFD_030_2,2010-10-11 09:59:59,2010-10-11 09:59:59,2010-10-11 09:59:59,560532,11,1.0900880037054193,0,1,9,complete,10,False,-9071999.999999,-9071999.999999,597.0,1,"{'Aanleg (Uitvoeren werk of werkzaamheid)': 1.0, 'Bouw': 1.0, 'Brandveilig gebruik (melding)': 1.0, 'Brandveilig gebruik (vergunning)': 1.0, 'Gebiedsbescherming': 1.0, 'Handelen in strijd met regels RO': 1.0, 'Inrit/Uitweg': 1.0, 'Kap': 1.0, 'Milieu (melding)': 1.0, 'Milieu (neutraal wijziging)': 1.0, 'Milieu (omgevingsvergunning beperkte milieutoets)': 1.0, 'Milieu (vergunning)': 1.0, 'Monument': 1.0, 'Reclame': 1.0, 'Responsible_actor': 560458.0, 'SUMleges': 84.29999999999973, 'Sloop': 1.0}",regular
3466211-5,01_HOOFD_030_2,2010-10-11 09:59:59,2010-10-11 09:59:59,2010-10-11 09:59:59,560532,12,1.0900880037054193,1,1,9,complete,10,False,-9071999.999999,-9071999.999999,881.0,1,"{'Aanleg (Uitvoeren werk of werkzaamheid)': 1.0, 'Bouw': 1.0, 'Brandveilig gebruik (melding)': 1.0, 'Brandveilig gebruik (vergunning)': 1.0, 'Gebiedsbescherming': 1.0, 'Handelen in strijd met regels RO': 1.0, 'Inrit/Uitweg': 1.0, 'Kap': 1.0, 'Milieu (melding)': 1.0, 'Milieu (neutraal wijziging)': 1.0, 'Milieu (omgevingsvergunning beperkte milieutoets)': 1.0, 'Milieu (vergunning)': 1.0, 'Monument': 1.0, 'Reclame': 1.0, 'Responsible_actor': 560458.0, 'SUMleges': 1698.2235, 'Sloop': 1.0}",regular
3467726-5,01_HOOFD_010,2010-10-11 09:59:59,2010-10-11 09:59:59,2010-10-11 09:59:59,560532,12,1.1987031032885596,2,1,9,complete,10,EMPTY,-9071999.999999,-9071999.999999,1320.0,1,"{'Aanleg (Uitvoeren werk of werkzaamheid)': 1.0, 'Bouw': 1.0, 'Brandveilig gebruik (melding)': 1.0, 'Brandveilig gebruik (vergunning)': 1.0, 'Gebiedsbescherming': 1.0, 'Handelen in strijd met regels RO': 1.0, 'Inrit/Uitweg': 1.0, 'Kap': 1.0, 'Milieu (melding)': 1.0, 'Milieu (neutraal wijziging)': 1.0, 'Milieu (omgevingsvergunning beperkte milieutoets)': 1.0, 'Milieu (vergunning)': 1.0, 'Monument': 1.0, 'Reclame': 1.0, 'Responsible_actor': 560458.0, 'SUMleges': 84.29999999999973, 'Sloop': 1.0}",regular
3461877-5,01_HOOFD_015,2010-10-11 09:59:59,2010-10-11 12:57:18,2010-10-12 00:54:52,560532,12,1.1155627605372858,2,2,0,complete,10,False,-9125692.999999,-53693.0,597.0,2,"{'Aanleg (Uitvoeren werk of werkzaamheid)': 1.0, 'Bouw': 1.0, 'Brandveilig gebruik (melding)': 1.0, 'Brandveilig gebruik (vergunning)': 1.0, 'Gebiedsbescherming': 1.0, 'Handelen in strijd met regels RO': 1.0, 'Inrit/Uitweg': 1.0, 'Kap': 1.0, 'Milieu (melding)': 1.0, 'Milieu (neutraal wijziging)': 1.0, 'Milieu (omgevingsvergunning beperkte milieutoets)': 1.0, 'Milieu (vergunning)': 1.0, 'Monument': 1.0, 'Reclame': 1.0, 'Responsible_actor': 560458.0, 'SUMleges': 84.29999999999973, 'Sloop': 1.0}",regular
3466211-5,01_HOOFD_015,2010-10-11 09:59:59,2010-10-12 00:54:52,2010-10-12 17:36:26,560532,12,1.1155627605372858,2,2,17,complete,10,False,-9185786.999999,-113787.0,881.0,2,"{'Aanleg (Uitvoeren werk of werkzaamheid)': 1.0, 'Bouw': 1.0, 'Brandveilig gebruik (melding)': 1.0, 'Brandveilig gebruik (vergunning)': 1.0, 'Gebiedsbescherming': 1.0, 'Handelen in strijd met regels RO': 1.0, 'Inrit/Uitweg': 1.0, 'Kap': 1.0, 'Milieu (melding)': 1.0, 'Milieu (neutraal wijziging)': 1.0, 'Milieu (omgevingsvergunning beperkte milieutoets)': 1.0, 'Milieu (vergunning)': 1.0, 'Monument': 1.0, 'Reclame': 1.0, 'Responsible_actor': 560458.0, 'SUMleges': 1698.2235, 'Sloop': 1.0}",regular
3467726-5,01_HOOFD_030_2,2010-10-11 09:59:59,2010-10-12 17:36:26,2010-10-13 17:36:26,560532,12,1.0900880037054193,2,2,17,complete,10,EMPTY,-9272186.999999,-200187.0,1320.0,3,"{'Aanleg (Uitvoeren werk of werkzaamheid)': 1.0, 'Bouw': 1.0, 'Brandveilig gebruik (melding)': 1.0, 'Brandveilig gebruik (vergunning)': 1.0, 'Gebiedsbescherming': 1.0, 'Handelen in strijd met regels RO': 1.0, 'Inrit/Uitweg': 1.0, 'Kap': 1.0, 'Milieu (melding)': 1.0, 'Milieu (neutraal wijziging)': 1.0, 'Milieu (omgevingsvergunning beperkte milieutoets)': 1.0, 'Milieu (vergunning)': 1.0, 'Monument': 1.0, 'Reclame': 1.0, 'Responsible_actor': 560458.0, 'SUMleges': 84.29999999999973, 'Sloop': 1.0}",regular
3461877-5,01_HOOFD_020,2010-10-12 00:54:52,2010-10-13 17:36:26,2010-10-13 17:36:31,560532,12,1.093098656785549,2,3,17,complete,10,False,-9272191.999999,-146499.0,597.0,3,"{'Aanleg (Uitvoeren werk of werkzaamheid)': 1.0, 'Bouw': 1.0, 'Brandveilig gebruik (melding)': 1.0, 'Brandveilig gebruik (vergunning)': 1.0, 'Gebiedsbescherming': 1.0, 'Handelen in strijd met regels RO': 1.0, 'Inrit/Uitweg': 1.0, 'Kap': 1.0, 'Milieu (melding)': 1.0, 'Milieu (neutraal wijziging)': 1.0, 'Milieu (omgevingsvergunning beperkte milieutoets)': 1.0, 'Milieu (vergunning)': 1.0, 'Monument': 1.0, 'Reclame': 1.0, 'Responsible_actor': 560458.0, 'SUMleges': 84.29999999999973, 'Sloop': 1.0}",regular
3467931-5,01_HOOFD_030_2,2010-10-12 09:59:59,2010-10-13 17:36:31,2010-10-13 17:36:31,560532,13,1.0900880037054193,3,1,17,complete,10,False,-9272191.999999,-9272191.999999,457.0,3,"{'Aanleg (Uitvoeren werk of werkzaamheid)': 1.0, 'Bouw': 1.0, 'Brandveilig gebruik (melding)': 1.0, 'Brandveilig gebruik (vergunning)': 1.0, 'Gebiedsbescherming': 1.0, 'Handelen in strijd met regels RO': 1.0, 'Inrit/Uitweg': 1.0, 'Kap': 1.0, 'Milieu (melding)': 1.0, 'Milieu (neutraal wijziging)': 1.0, 'Milieu (omgevingsvergunning beperkte milieutoets)': 1.0, 'Milieu (vergunning)': 1.0, 'Monument': 1.0, 'Reclame': 1.0, 'Responsible_actor': 560458.0, 'SUMleges': 84.29999999999973, 'Sloop': 1.0}",regular
3466211-5,01_HOOFD_020,2010-10-12 17:36:26,2010-10-13 17:36:31,2010-10-13 17:36:38,560532,13,1.093098656785549,3,3,17,complete,10,False,-9272198.999999,-86412.0,881.0,3,"{'Aanleg (Uitvoeren werk of werkzaamheid)': 1.0, 'Bouw': 1.0, 'Brandveilig gebruik (melding)': 1.0, 'Brandveilig gebruik (vergunning)': 1.0, 'Gebiedsbescherming': 1.0, 'Handelen in strijd met regels RO': 1.0, 'Inrit/Uitweg': 1.0, 'Kap': 1.0, 'Milieu (melding)': 1.0, 'Milieu (neutraal wijziging)': 1.0, 'Milieu (omgevingsvergunning beperkte milieutoets)': 1.0, 'Milieu (vergunning)': 1.0, 'Monument': 1.0, 'Reclame': 1.0, 'Responsible_actor': 560458.0, 'SUMleges': 1698.2235, 'Sloop': 1.0}",regular
3477221-6,01_HOOFD_010,2010-10-13 09:59:59,2010-10-13 17:36:38,2010-10-13 17:36:38,560532,14,1.1987031032885596,4,1,17,complete,10,EMPTY,-9272198.999999,-9272198.999999,1320.0,3,"{'Aanleg (Uitvoeren werk of werkzaamheid)': 1.0, 'Bouw': 1.0, 'Brandveilig gebruik (melding)': 1.0, 'Brandveilig gebruik (vergunning)': 1.0, 'Gebiedsbescherming': 1.0, 'Handelen in strijd met regels RO': 1.0, 'Inrit/Uitweg': 1.0, 'Kap': 1.0, 'Milieu (melding)': 1.0, 'Milieu (neutraal wijziging)': 1.0, 'Milieu (omgevingsvergunning beperkte milieutoets)': 1.0, 'Milieu (vergunning)': 1.0, 'Monument': 1.0, 'Reclame': 1.0, 'Responsible_actor': 560458.0, 'SUMleges': 42.15000000000071, 'Sloop': 1.0}",regular
3467931-5,01_HOOFD_015,2010-10-13 17:36:31,2010-10-14 01:58:29,2010-10-14 11:36:03,560532,12,1.1155627605372858,2,2,11,complete,10,False,-9336963.999999,-64772.0,457.0,4,"{'Aanleg (Uitvoeren werk of werkzaamheid)': 1.0, 'Bouw': 1.0, 'Brandveilig gebruik (melding)': 1.0, 'Brandveilig gebruik (vergunning)': 1.0, 'Gebiedsbescherming': 1.0, 'Handelen in strijd met regels RO': 1.0, 'Inrit/Uitweg': 1.0, 'Kap': 1.0, 'Milieu (melding)': 1.0, 'Milieu (neutraal wijziging)': 1.0, 'Milieu (omgevingsvergunning beperkte milieutoets)': 1.0, 'Milieu (vergunning)': 1.0, 'Monument': 1.0, 'Reclame': 1.0, 'Responsible_actor': 560458.0, 'SUMleges': 84.29999999999973, 'Sloop': 1.0}",regular
3461877-6,01_HOOFD_100,2010-10-14 09:59:59,2010-10-14 11:36:03,2010-10-14 11:36:03,560532,12,1.1924502084298285,1,1,11,complete,10,EMPTY,-9336963.999999,-9336963.999999,1320.0,4,"{'Aanleg (Uitvoeren werk of werkzaamheid)': 1.0, 'Bouw': 1.0, 'Brandveilig gebruik (melding)': 1.0, 'Brandveilig gebruik (vergunning)': 1.0, 'Gebiedsbescherming': 1.0, 'Handelen in strijd met regels RO': 1.0, 'Inrit/Uitweg': 1.0, 'Kap': 1.0, 'Milieu (melding)': 1.0, 'Milieu (neutraal wijziging)': 1.0, 'Milieu (omgevingsvergunning beperkte milieutoets)': 1.0, 'Milieu (vergunning)': 1.0, 'Monument': 1.0, 'Reclame': 1.0, 'Responsible_actor': 560458.0, 'SUMleges': 84.29999999999973, 'Sloop': 1.0}",regular
3466211-6,01_HOOFD_100,2010-10-14 09:59:59,2010-10-14 11:36:03,2010-10-14 11:36:03,560532,13,1.1924502084298285,2,1,11,complete,10,EMPTY,-9336963.999999,-9336963.999999,1320.0,4,"{'Aanleg (Uitvoeren werk of werkzaamheid)': 1.0, 'Bouw': 1.0, 'Brandveilig gebruik (melding)': 1.0, 'Brandveilig gebruik (vergunning)': 1.0, 'Gebiedsbescherming': 1.0, 'Handelen in strijd met regels RO': 1.0, 'Inrit/Uitweg': 1.0, 'Kap': 1.0, 'Milieu (melding)': 1.0, 'Milieu (neutraal wijziging)': 1.0, 'Milieu (omgevingsvergunning beperkte milieutoets)': 1.0, 'Milieu (vergunning)': 1.0, 'Monument': 1.0, 'Reclame': 1.0, 'Responsible_actor': 560458.0, 'SUMleges': 1698.2235, 'Sloop': 1.0}",regular
3467726-6,01_HOOFD_100,2010-10-14 09:59:59,2010-10-14 11:36:03,2010-10-14 11:36:03,560532,14,1.1924502084298285,3,1,11,complete,10,EMPTY,-9336963.999999,-9336963.999999,1320.0,4,"{'Aanleg (Uitvoeren werk of werkzaamheid)': 1.0, 'Bouw': 1.0, 'Brandveilig gebruik (melding)': 1.0, 'Brandveilig gebruik (vergunning)': 1.0, 'Gebiedsbescherming': 1.0, 'Handelen in strijd met regels RO': 1.0, 'Inrit/Uitweg': 1.0, 'Kap': 1.0, 'Milieu (melding)': 1.0, 'Milieu (neutraal wijziging)': 1.0, 'Milieu (omgevingsvergunning beperkte milieutoets)': 1.0, 'Milieu (vergunning)': 1.0, 'Monument': 1.0, 'Reclame': 1.0, 'Responsible_actor': 560458.0, 'SUMleges': 84.29999999999973, 'Sloop': 1.0}",regular
3467931-6,01_HOOFD_100,2010-10-14 09:59:59,2010-10-14 11:36:03,2010-10-14 11:36:03,560532,14,1.1924502084298285,4,1,11,complete,10,EMPTY,-9336963.999999,-9336963.999999,1320.0,4,"{'Aanleg (Uitvoeren werk of werkzaamheid)': 1.0, 'Bouw': 1.0, 'Brandveilig gebruik (melding)': 1.0, 'Brandveilig gebruik (vergunning)': 1.0, 'Gebiedsbescherming': 1.0, 'Handelen in strijd met regels RO': 1.0, 'Inrit/Uitweg': 1.0, 'Kap': 1.0, 'Milieu (melding)': 1.0, 'Milieu (neutraal wijziging)': 1.0, 'Milieu (omgevingsvergunning beperkte milieutoets)': 1.0, 'Milieu (vergunning)': 1.0, 'Monument': 1.0, 'Reclame': 1.0, 'Responsible_actor': 560458.0, 'SUMleges': 84.29999999999973, 'Sloop': 1.0}",regular
3467931-5,01_HOOFD_020,2010-10-14 11:36:03,2010-10-15 04:26:41,2010-10-15 04:26:46,560532,14,1.093098656785549,4,3,4,complete,10,False,-9397606.999999,-60643.0,457.0,5,"{'Aanleg (Uitvoeren werk of werkzaamheid)': 1.0, 'Bouw': 1.0, 'Brandveilig gebruik (melding)': 1.0, 'Brandveilig gebruik (vergunning)': 1.0, 'Gebiedsbescherming': 1.0, 'Handelen in strijd met regels RO': 1.0, 'Inrit/Uitweg': 1.0, 'Kap': 1.0, 'Milieu (melding)': 1.0, 'Milieu (neutraal wijziging)': 1.0, 'Milieu (omgevingsvergunning beperkte milieutoets)': 1.0, 'Milieu (vergunning)': 1.0, 'Monument': 1.0, 'Reclame': 1.0, 'Responsible_actor': 560458.0, 'SUMleges': 84.29999999999973, 'Sloop': 1.0}",regular
3477241-7,01_HOOFD_010,2010-10-15 09:59:59,2010-10-15 09:59:59,2010-10-15 09:59:59,560532,10,1.1987031032885596,0,1,9,complete,10,EMPTY,-9417599.999999,-9417599.999999,1320.0,5,"{'Aanleg (Uitvoeren werk of werkzaamheid)': 1.0, 'Bouw': 1.0, 'Brandveilig gebruik (melding)': 1.0, 'Brandveilig gebruik (vergunning)': 1.0, 'Gebiedsbescherming': 1.0, 'Handelen in strijd met regels RO': 1.0, 'Inrit/Uitweg': 1.0, 'Kap': 1.0, 'Milieu (melding)': 1.0, 'Milieu (neutraal wijziging)': 1.0, 'Milieu (omgevingsvergunning beperkte milieutoets)': 1.0, 'Milieu (vergunning)': 1.0, 'Monument': 1.0, 'Reclame': 1.0, 'Responsible_actor': 560458.0, 'SUMleges': 84.29999999999973, 'Sloop': 1.0}",regular
3473951-9,01_HOOFD_030_2,2010-10-17 09:59:59,2010-10-17 09:59:59,2010-10-17 09:59:59,560532,11,1.0900880037054193,0,1,9,complete,10,EMPTY,-9590399.999999,-9590399.999999,559.0,7,"{'Aanleg (Uitvoeren werk of werkzaamheid)': 1.0, 'Bouw': 1.0, 'Brandveilig gebruik (melding)': 1.0, 'Brandveilig gebruik (vergunning)': 1.0, 'Gebiedsbescherming': 1.0, 'Handelen in strijd met regels RO': 1.0, 'Inrit/Uitweg': 1.0, 'Kap': 1.0, 'Milieu (melding)': 1.0, 'Milieu (neutraal wijziging)': 1.0, 'Milieu (omgevingsvergunning beperkte milieutoets)': 1.0, 'Milieu (vergunning)': 1.0, 'Monument': 1.0, 'Reclame': 1.0, 'Responsible_actor': 560458.0, 'SUMleges': 84.29999999999973, 'Sloop': 1.0}",regular
3477254-9,01_HOOFD_010,2010-10-17 09:59:59,2010-10-17 09:59:59,2010-10-17 09:59:59,560532,11,1.1987031032885596,1,1,9,complete,10,EMPTY,-9590399.999999,-9590399.999999,1320.0,7,"{'Aanleg (Uitvoeren werk of werkzaamheid)': 1.0, 'Bouw': 1.0, 'Brandveilig gebruik (melding)': 1.0, 'Brandveilig gebruik (vergunning)': 1.0, 'Gebiedsbescherming': 1.0, 'Handelen in strijd met regels RO': 1.0, 'Inrit/Uitweg': 1.0, 'Kap': 1.0, 'Milieu (melding)': 1.0, 'Milieu (neutraal wijziging)': 1.0, 'Milieu (omgevingsvergunning beperkte milieutoets)': 1.0, 'Milieu (vergunning)': 1.0, 'Monument': 1.0, 'Reclame': 1.0, 'Responsible_actor': 560458.0, 'SUMleges': -8384.015, 'Sloop': 1.0}",regular
3473951-9,01_HOOFD_010,2010-10-17 09:59:59,2010-10-17 17:46:39,2010-10-18 05:01:16,560532,11,1.1987031032885596,1,2,5,complete,10,EMPTY,-9658876.999999,-68477.0,559.0,1,"{'Aanleg (Uitvoeren werk of werkzaamheid)': 1.0, 'Bouw': 1.0, 'Brandveilig gebruik (melding)': 1.0, 'Brandveilig gebruik (vergunning)': 1.0, 'Gebiedsbescherming': 1.0, 'Handelen in strijd met regels RO': 1.0, 'Inrit/Uitweg': 1.0, 'Kap': 1.0, 'Milieu (melding)': 1.0, 'Milieu (neutraal wijziging)': 1.0, 'Milieu (omgevingsvergunning beperkte milieutoets)': 1.0, 'Milieu (vergunning)': 1.0, 'Monument': 1.0, 'Reclame': 1.0, 'Responsible_actor': 560458.0, 'SUMleges': 84.29999999999973, 'Sloop': 1.0}",regular
3473951-9,01_HOOFD_015,2010-10-18 05:01:16,2010-10-18 13:45:04,2010-10-18 13:49:34,560532,10,1.1155627605372858,0,3,13,complete,10,EMPTY,-9690574.999999,-31698.0,559.0,1,"{'Aanleg (Uitvoeren werk of werkzaamheid)': 1.0, 'Bouw': 1.0, 'Brandveilig gebruik (melding)': 1.0, 'Brandveilig gebruik (vergunning)': 1.0, 'Gebiedsbescherming': 1.0, 'Handelen in strijd met regels RO': 1.0, 'Inrit/Uitweg': 1.0, 'Kap': 1.0, 'Milieu (melding)': 1.0, 'Milieu (neutraal wijziging)': 1.0, 'Milieu (omgevingsvergunning beperkte milieutoets)': 1.0, 'Milieu (vergunning)': 1.0, 'Monument': 1.0, 'Reclame': 1.0, 'Responsible_actor': 560458.0, 'SUMleges': 84.29999999999973, 'Sloop': 1.0}",regular
3473951-11,01_HOOFD_530,2010-10-19 09:59:59,2010-10-19 09:59:59,2010-10-19 09:59:59,560532,11,2.3371931449745253,0,1,9,complete,10,EMPTY,-9763199.999999,-9763199.999999,1320.0,2,"{'Aanleg (Uitvoeren werk of werkzaamheid)': 1.0, 'Bouw': 1.0, 'Brandveilig gebruik (melding)': 1.0, 'Brandveilig gebruik (vergunning)': 1.0, 'Gebiedsbescherming': 1.0, 'Handelen in strijd met regels RO': 1.0, 'Inrit/Uitweg': 1.0, 'Kap': 1.0, 'Milieu (melding)': 1.0, 'Milieu (neutraal wijziging)': 1.0, 'Milieu (omgevingsvergunning beperkte milieutoets)': 1.0, 'Milieu (vergunning)': 1.0, 'Monument': 1.0, 'Reclame': 1.0, 'Responsible_actor': 560458.0, 'SUMleges': 84.29999999999973, 'Sloop': 1.0}",regular
3477241-11,01_HOOFD_030_2,2010-10-19 09:59:59,2010-10-19 09:59:59,2010-10-19 09:59:59,560532,12,1.0900880037054193,1,1,9,complete,10,False,-9763199.999999,-9763199.999999,612.0,2,"{'Aanleg (Uitvoeren werk of werkzaamheid)': 1.0, 'Bouw': 1.0, 'Brandveilig gebruik (melding)': 1.0, 'Brandveilig gebruik (vergunning)': 1.0, 'Gebiedsbescherming': 1.0, 'Handelen in strijd met regels RO': 1.0, 'Inrit/Uitweg': 1.0, 'Kap': 1.0, 'Milieu (melding)': 1.0, 'Milieu (neutraal wijziging)': 1.0, 'Milieu (omgevingsvergunning beperkte milieutoets)': 1.0, 'Milieu (vergunning)': 1.0, 'Monument': 1.0, 'Reclame': 1.0, 'Responsible_actor': 560458.0, 'SUMleges': 84.29999999999973, 'Sloop': 1.0}",regular
3481077-11,01_HOOFD_010,2010-10-19 09:59:59,2010-10-19 09:59:59,2010-10-19 09:59:59,560532,13,1.1987031032885596,2,1,9,complete,10,EMPTY,-9763199.999999,-9763199.999999,1320.0,2,"{'Aanleg (Uitvoeren werk of werkzaamheid)': 1.0, 'Bouw': 1.0, 'Brandveilig gebruik (melding)': 1.0, 'Brandveilig gebruik (vergunning)': 1.0, 'Gebiedsbescherming': 1.0, 'Handelen in strijd met regels RO': 1.0, 'Inrit/Uitweg': 1.0, 'Kap': 1.0, 'Milieu (melding)': 1.0, 'Milieu (neutraal wijziging)': 1.0, 'Milieu (omgevingsvergunning beperkte milieutoets)': 1.0, 'Milieu (vergunning)': 1.0, 'Monument': 1.0, 'Reclame': 1.0, 'Responsible_actor': 560458.0, 'SUMleges': -8384.015, 'Sloop': 1.0}",deviant
3572119-11,01_HOOFD_010,2010-10-19 09:59:59,2010-10-19 09:59:59,2010-10-19 09:59:59,560532,13,1.1987031032885596,3,1,9,complete,10,EMPTY,-9763199.999999,-9763199.999999,1320.0,2,"{'Aanleg (Uitvoeren werk of werkzaamheid)': 1.0, 'Bouw': 1.0, 'Brandveilig gebruik (melding)': 1.0, 'Brandveilig gebruik (vergunning)': 1.0, 'Gebiedsbescherming': 1.0, 'Handelen in strijd met regels RO': 1.0, 'Inrit/Uitweg': 1.0, 'Kap': 1.0, 'Milieu (melding)': 1.0, 'Milieu (neutraal wijziging)': 1.0, 'Milieu (omgevingsvergunning beperkte milieutoets)': 1.0, 'Milieu (vergunning)': 1.0, 'Monument': 1.0, 'Reclame': 1.0, 'Responsible_actor': 560458.0, 'SUMleges': 84.29999999999973, 'Sloop': 1.0}",regular
3473951-11,01_HOOFD_510_2,2010-10-19 09:59:59,2010-10-19 18:19:04,2010-10-19 18:19:04,560532,13,1.0727188513200556,3,2,18,complete,10,EMPTY,-9793144.999999,-29945.0,1320.0,2,"{'Aanleg (Uitvoeren werk of werkzaamheid)': 1.0, 'Bouw': 1.0, 'Brandveilig gebruik (melding)': 1.0, 'Brandveilig gebruik (vergunning)': 1.0, 'Gebiedsbescherming': 1.0, 'Handelen in strijd met regels RO': 1.0, 'Inrit/Uitweg': 1.0, 'Kap': 1.0, 'Milieu (melding)': 1.0, 'Milieu (neutraal wijziging)': 1.0, 'Milieu (omgevingsvergunning beperkte milieutoets)': 1.0, 'Milieu (vergunning)': 1.0, 'Monument': 1.0, 'Reclame': 1.0, 'Responsible_actor': 560458.0, 'SUMleges': 84.29999999999973, 'Sloop': 1.0}",regular
3477241-11,01_HOOFD_015,2010-10-19 09:59:59,2010-10-19 18:19:04,2010-10-20 06:31:32,560532,13,1.1155627605372858,3,2,6,complete,10,False,-9837092.999999,-73893.0,612.0,3,"{'Aanleg (Uitvoeren werk of werkzaamheid)': 1.0, 'Bouw': 1.0, 'Brandveilig gebruik (melding)': 1.0, 'Brandveilig gebruik (vergunning)': 1.0, 'Gebiedsbescherming': 1.0, 'Handelen in strijd met regels RO': 1.0, 'Inrit/Uitweg': 1.0, 'Kap': 1.0, 'Milieu (melding)': 1.0, 'Milieu (neutraal wijziging)': 1.0, 'Milieu (omgevingsvergunning beperkte milieutoets)': 1.0, 'Milieu (vergunning)': 1.0, 'Monument': 1.0, 'Reclame': 1.0, 'Responsible_actor': 560458.0, 'SUMleges': 84.29999999999973, 'Sloop': 1.0}",regular
3481077-11,01_HOOFD_030_2,2010-10-19 09:59:59,2010-10-20 06:31:32,2010-10-22 06:31:32,560532,13,1.0900880037054193,3,2,6,complete,10,EMPTY,-10009892.999999,-246693.0,1320.0,5,"{'Aanleg (Uitvoeren werk of werkzaamheid)': 1.0, 'Bouw': 1.0, 'Brandveilig gebruik (melding)': 1.0, 'Brandveilig gebruik (vergunning)': 1.0, 'Gebiedsbescherming': 1.0, 'Handelen in strijd met regels RO': 1.0, 'Inrit/Uitweg': 1.0, 'Kap': 1.0, 'Milieu (melding)': 1.0, 'Milieu (neutraal wijziging)': 1.0, 'Milieu (omgevingsvergunning beperkte milieutoets)': 1.0, 'Milieu (vergunning)': 1.0, 'Monument': 1.0, 'Reclame': 1.0, 'Responsible_actor': 560458.0, 'SUMleges': -8384.015, 'Sloop': 1.0}",deviant
3473951-11,01_HOOFD_490_3,2010-10-19 18:19:04,2010-10-22 06:31:32,2010-10-22 06:31:32,560532,12,1.093561834182492,2,3,6,complete,10,EMPTY,-10009892.999999,-216748.0,1320.0,5,"{'Aanleg (Uitvoeren werk of werkzaamheid)': 1.0, 'Bouw': 1.0, 'Brandveilig gebruik (melding)': 1.0, 'Brandveilig gebruik (vergunning)': 1.0, 'Gebiedsbescherming': 1.0, 'Handelen in strijd met regels RO': 1.0, 'Inrit/Uitweg': 1.0, 'Kap': 1.0, 'Milieu (melding)': 1.0, 'Milieu (neutraal wijziging)': 1.0, 'Milieu (omgevingsvergunning beperkte milieutoets)': 1.0, 'Milieu (vergunning)': 1.0, 'Monument': 1.0, 'Reclame': 1.0, 'Responsible_actor': 560458.0, 'SUMleges': 84.29999999999973, 'Sloop': 1.0}",regular
3477241-11,01_HOOFD_020,2010-10-20 06:31:32,2010-10-22 06:31:32,2010-10-22 06:31:36,560532,12,1.093098656785549,2,3,6,complete,10,False,-10009896.999999,-172804.0,612.0,5,"{'Aanleg (Uitvoeren werk of werkzaamheid)': 1.0, 'Bouw': 1.0, 'Brandveilig gebruik (melding)': 1.0, 'Brandveilig gebruik (vergunning)': 1.0, 'Gebiedsbescherming': 1.0, 'Handelen in strijd met regels RO': 1.0, 'Inrit/Uitweg': 1.0, 'Kap': 1.0, 'Milieu (melding)': 1.0, 'Milieu (neutraal wijziging)': 1.0, 'Milieu (omgevingsvergunning beperkte milieutoets)': 1.0, 'Milieu (vergunning)': 1.0, 'Monument': 1.0, 'Reclame': 1.0, 'Responsible_actor': 560458.0, 'SUMleges': 84.29999999999973, 'Sloop': 1.0}",regular
3477221-11,01_HOOFD_030_2,2010-10-21 09:59:59,2010-10-22 06:31:36,2010-10-22 06:31:36,560532,14,1.0900880037054193,3,1,6,complete,10,EMPTY,-10009896.999999,-10009896.999999,589.0,5,"{'Aanleg (Uitvoeren werk of werkzaamheid)': 1.0, 'Bouw': 1.0, 'Brandveilig gebruik (melding)': 1.0, 'Brandveilig gebruik (vergunning)': 1.0, 'Gebiedsbescherming': 1.0, 'Handelen in strijd met regels RO': 1.0, 'Inrit/Uitweg': 1.0, 'Kap': 1.0, 'Milieu (melding)': 1.0, 'Milieu (neutraal wijziging)': 1.0, 'Milieu (omgevingsvergunning beperkte milieutoets)': 1.0, 'Milieu (vergunning)': 1.0, 'Monument': 1.0, 'Reclame': 1.0, 'Responsible_actor': 560458.0, 'SUMleges': 42.15000000000071, 'Sloop': 1.0}",regular
3477254-11,01_HOOFD_100,2010-10-21 09:59:59,2010-10-22 06:31:36,2010-10-22 06:31:36,560532,14,1.1924502084298285,4,1,6,complete,10,EMPTY,-10009896.999999,-10009896.999999,551.0,5,"{'Aanleg (Uitvoeren werk of werkzaamheid)': 1.0, 'Bouw': 1.0, 'Brandveilig gebruik (melding)': 1.0, 'Brandveilig gebruik (vergunning)': 1.0, 'Gebiedsbescherming': 1.0, 'Handelen in strijd met regels RO': 1.0, 'Inrit/Uitweg': 1.0, 'Kap': 1.0, 'Milieu (melding)': 1.0, 'Milieu (neutraal wijziging)': 1.0, 'Milieu (omgevingsvergunning beperkte milieutoets)': 1.0, 'Milieu (vergunning)': 1.0, 'Monument': 1.0, 'Reclame': 1.0, 'Responsible_actor': 560458.0, 'SUMleges': -8384.015, 'Sloop': 1.0}",regular
3477221-11,01_HOOFD_100,2010-10-22 06:31:36,2010-10-22 16:13:54,2010-10-22 16:13:54,560532,11,1.1924502084298285,1,2,16,complete,10,EMPTY,-10044834.999999,-34938.0,589.0,5,"{'Aanleg (Uitvoeren werk of werkzaamheid)': 1.0, 'Bouw': 1.0, 'Brandveilig gebruik (melding)': 1.0, 'Brandveilig gebruik (vergunning)': 1.0, 'Gebiedsbescherming': 1.0, 'Handelen in strijd met regels RO': 1.0, 'Inrit/Uitweg': 1.0, 'Kap': 1.0, 'Milieu (melding)': 1.0, 'Milieu (neutraal wijziging)': 1.0, 'Milieu (omgevingsvergunning beperkte milieutoets)': 1.0, 'Milieu (vergunning)': 1.0, 'Monument': 1.0, 'Reclame': 1.0, 'Responsible_actor': 560458.0, 'SUMleges': 42.15000000000071, 'Sloop': 1.0}",regular
3477254-11,01_HOOFD_030_2,2010-10-22 06:31:36,2010-10-22 16:20:33,2010-10-22 16:20:33,560532,11,1.0900880037054193,1,2,16,complete,10,EMPTY,-10045233.999999,-35337.0,551.0,5,"{'Aanleg (Uitvoeren werk of werkzaamheid)': 1.0, 'Bouw': 1.0, 'Brandveilig gebruik (melding)': 1.0, 'Brandveilig gebruik (vergunning)': 1.0, 'Gebiedsbescherming': 1.0, 'Handelen in strijd met regels RO': 1.0, 'Inrit/Uitweg': 1.0, 'Kap': 1.0, 'Milieu (melding)': 1.0, 'Milieu (neutraal wijziging)': 1.0, 'Milieu (omgevingsvergunning beperkte milieutoets)': 1.0, 'Milieu (vergunning)': 1.0, 'Monument': 1.0, 'Reclame': 1.0, 'Responsible_actor': 560458.0, 'SUMleges': -8384.015, 'Sloop': 1.0}",regular
3477221-11,01_HOOFD_015,2010-10-22 16:13:54,2010-10-23 07:27:03,2010-10-23 19:16:50,560532,11,1.1155627605372858,1,3,19,complete,10,EMPTY,-10142210.999999,-97376.0,589.0,6,"{'Aanleg (Uitvoeren werk of werkzaamheid)': 1.0, 'Bouw': 1.0, 'Brandveilig gebruik (melding)': 1.0, 'Brandveilig gebruik (vergunning)': 1.0, 'Gebiedsbescherming': 1.0, 'Handelen in strijd met regels RO': 1.0, 'Inrit/Uitweg': 1.0, 'Kap': 1.0, 'Milieu (melding)': 1.0, 'Milieu (neutraal wijziging)': 1.0, 'Milieu (omgevingsvergunning beperkte milieutoets)': 1.0, 'Milieu (vergunning)': 1.0, 'Monument': 1.0, 'Reclame': 1.0, 'Responsible_actor': 560458.0, 'SUMleges': 42.15000000000071, 'Sloop': 1.0}",regular
3477254-11,01_HOOFD_015,2010-10-22 16:20:33,2010-10-23 19:16:50,2010-10-24 06:28:39,560532,11,1.1155627605372858,1,3,6,complete,10,EMPTY,-10182519.999999,-137286.0,551.0,7,"{'Aanleg (Uitvoeren werk of werkzaamheid)': 1.0, 'Bouw': 1.0, 'Brandveilig gebruik (melding)': 1.0, 'Brandveilig gebruik (vergunning)': 1.0, 'Gebiedsbescherming': 1.0, 'Handelen in strijd met regels RO': 1.0, 'Inrit/Uitweg': 1.0, 'Kap': 1.0, 'Milieu (melding)': 1.0, 'Milieu (neutraal wijziging)': 1.0, 'Milieu (omgevingsvergunning beperkte milieutoets)': 1.0, 'Milieu (vergunning)': 1.0, 'Monument': 1.0, 'Reclame': 1.0, 'Responsible_actor': 560458.0, 'SUMleges': -8384.015, 'Sloop': 1.0}",regular
3493548-12,01_HOOFD_010,2010-10-25 09:59:59,2010-10-25 09:59:59,2010-10-25 09:59:59,560532,10,1.1987031032885596,0,1,9,complete,10,EMPTY,-10281599.999999,-10281599.999999,582.0,1,"{'Aanleg (Uitvoeren werk of werkzaamheid)': 1.0, 'Bouw': 1.0, 'Brandveilig gebruik (melding)': 1.0, 'Brandveilig gebruik (vergunning)': 1.0, 'Gebiedsbescherming': 1.0, 'Handelen in strijd met regels RO': 1.0, 'Inrit/Uitweg': 1.0, 'Kap': 1.0, 'Milieu (melding)': 1.0, 'Milieu (neutraal wijziging)': 1.0, 'Milieu (omgevingsvergunning beperkte milieutoets)': 1.0, 'Milieu (vergunning)': 1.0, 'Monument': 1.0, 'Reclame': 1.0, 'Responsible_actor': 560458.0, 'SUMleges': 71.02275000000026, 'Sloop': 1.0}",regular
3493548-12,01_HOOFD_030_2,2010-10-25 09:59:59,2010-10-25 12:55:18,2010-10-27 12:55:18,560532,10,1.0900880037054193,0,2,12,complete,10,EMPTY,-10464918.999999,-183319.0,582.0,3,"{'Aanleg (Uitvoeren werk of werkzaamheid)': 1.0, 'Bouw': 1.0, 'Brandveilig gebruik (melding)': 1.0, 'Brandveilig gebruik (vergunning)': 1.0, 'Gebiedsbescherming': 1.0, 'Handelen in strijd met regels RO': 1.0, 'Inrit/Uitweg': 1.0, 'Kap': 1.0, 'Milieu (melding)': 1.0, 'Milieu (neutraal wijziging)': 1.0, 'Milieu (omgevingsvergunning beperkte milieutoets)': 1.0, 'Milieu (vergunning)': 1.0, 'Monument': 1.0, 'Reclame': 1.0, 'Responsible_actor': 560458.0, 'SUMleges': 71.02275000000026, 'Sloop': 1.0}",regular
3461877-12,01_HOOFD_190_2,2010-10-27 09:59:59,2010-10-27 12:55:18,2010-10-27 12:55:18,560532,12,1.0030106530801297,1,1,12,complete,10,False,-10464918.999999,-10464918.999999,569.0,3,"{'Aanleg (Uitvoeren werk of werkzaamheid)': 1.0, 'Bouw': 1.0, 'Brandveilig gebruik (melding)': 1.0, 'Brandveilig gebruik (vergunning)': 1.0, 'Gebiedsbescherming': 1.0, 'Handelen in strijd met regels RO': 1.0, 'Inrit/Uitweg': 1.0, 'Kap': 1.0, 'Milieu (melding)': 1.0, 'Milieu (neutraal wijziging)': 1.0, 'Milieu (omgevingsvergunning beperkte milieutoets)': 1.0, 'Milieu (vergunning)': 1.0, 'Monument': 1.0, 'Reclame': 1.0, 'Responsible_actor': 560458.0, 'SUMleges': 84.29999999999973, 'Sloop': 1.0}",regular
3466211-12,01_HOOFD_065_2,2010-10-27 09:59:59,2010-10-27 12:55:18,2010-10-27 12:55:18,560532,13,1.2271885132005558,2,1,12,complete,10,EMPTY,-10464918.999999,-10464918.999999,551.0,3,"{'Aanleg (Uitvoeren werk of werkzaamheid)': 1.0, 'Bouw': 1.0, 'Brandveilig gebruik (melding)': 1.0, 'Brandveilig gebruik (vergunning)': 1.0, 'Gebiedsbescherming': 1.0, 'Handelen in strijd met regels RO': 1.0, 'Inrit/Uitweg': 1.0, 'Kap': 1.0, 'Milieu (melding)': 1.0, 'Milieu (neutraal wijziging)': 1.0, 'Milieu (omgevingsvergunning beperkte milieutoets)': 1.0, 'Milieu (vergunning)': 1.0, 'Monument': 1.0, 'Reclame': 1.0, 'Responsible_actor': 560458.0, 'SUMleges': 1698.2235, 'Sloop': 1.0}",regular
3467726-12,01_HOOFD_190_2,2010-10-27 09:59:59,2010-10-27 12:55:18,2010-10-27 12:55:18,560532,14,1.0030106530801297,3,1,12,complete,10,EMPTY,-10464918.999999,-10464918.999999,1320.0,3,"{'Aanleg (Uitvoeren werk of werkzaamheid)': 1.0, 'Bouw': 1.0, 'Brandveilig gebruik (melding)': 1.0, 'Brandveilig gebruik (vergunning)': 1.0, 'Gebiedsbescherming': 1.0, 'Handelen in strijd met regels RO': 1.0, 'Inrit/Uitweg': 1.0, 'Kap': 1.0, 'Milieu (melding)': 1.0, 'Milieu (neutraal wijziging)': 1.0, 'Milieu (omgevingsvergunning beperkte milieutoets)': 1.0, 'Milieu (vergunning)': 1.0, 'Monument': 1.0, 'Reclame': 1.0, 'Responsible_actor': 560458.0, 'SUMleges': 84.29999999999973, 'Sloop': 1.0}",regular
3467931-12,01_HOOFD_065_2,2010-10-27 09:59:59,2010-10-27 12:55:18,2010-10-27 12:55:18,560532,15,1.2271885132005558,4,1,12,complete,10,False,-10464918.999999,-10464918.999999,571.0,3,"{'Aanleg (Uitvoeren werk of werkzaamheid)': 1.0, 'Bouw': 1.0, 'Brandveilig gebruik (melding)': 1.0, 'Brandveilig gebruik (vergunning)': 1.0, 'Gebiedsbescherming': 1.0, 'Handelen in strijd met regels RO': 1.0, 'Inrit/Uitweg': 1.0, 'Kap': 1.0, 'Milieu (melding)': 1.0, 'Milieu (neutraal wijziging)': 1.0, 'Milieu (omgevingsvergunning beperkte milieutoets)': 1.0, 'Milieu (vergunning)': 1.0, 'Monument': 1.0, 'Reclame': 1.0, 'Responsible_actor': 560458.0, 'SUMleges': 84.29999999999973, 'Sloop': 1.0}",regular
3477221-12,01_HOOFD_065_2,2010-10-27 09:59:59,2010-10-27 12:55:18,2010-10-27 12:55:18,560532,16,1.2271885132005558,5,1,12,complete,10,True,-10464918.999999,-10464918.999999,491.0,3,"{'Aanleg (Uitvoeren werk of werkzaamheid)': 1.0, 'Bouw': 1.0, 'Brandveilig gebruik (melding)': 1.0, 'Brandveilig gebruik (vergunning)': 1.0, 'Gebiedsbescherming': 1.0, 'Handelen in strijd met regels RO': 1.0, 'Inrit/Uitweg': 1.0, 'Kap': 1.0, 'Milieu (melding)': 1.0, 'Milieu (neutraal wijziging)': 1.0, 'Milieu (omgevingsvergunning beperkte milieutoets)': 1.0, 'Milieu (vergunning)': 1.0, 'Monument': 1.0, 'Reclame': 1.0, 'Responsible_actor': 560458.0, 'SUMleges': 42.15000000000071, 'Sloop': 1.0}",regular
3477241-12,01_HOOFD_190_2,2010-10-27 09:59:59,2010-10-27 12:55:18,2010-10-27 12:55:18,560532,17,1.0030106530801297,6,1,12,complete,10,EMPTY,-10464918.999999,-10464918.999999,563.0,3,"{'Aanleg (Uitvoeren werk of werkzaamheid)': 1.0, 'Bouw': 1.0, 'Brandveilig gebruik (melding)': 1.0, 'Brandveilig gebruik (vergunning)': 1.0, 'Gebiedsbescherming': 1.0, 'Handelen in strijd met regels RO': 1.0, 'Inrit/Uitweg': 1.0, 'Kap': 1.0, 'Milieu (melding)': 1.0, 'Milieu (neutraal wijziging)': 1.0, 'Milieu (omgevingsvergunning beperkte milieutoets)': 1.0, 'Milieu (vergunning)': 1.0, 'Monument': 1.0, 'Reclame': 1.0, 'Responsible_actor': 560458.0, 'SUMleges': 84.29999999999973, 'Sloop': 1.0}",regular
3477254-12,01_HOOFD_065_2,2010-10-27 09:59:59,2010-10-27 12:55:18,2010-10-27 12:55:18,560532,17,1.2271885132005558,7,1,12,complete,10,False,-10464918.999999,-10464918.999999,577.0,3,"{'Aanleg (Uitvoeren werk of werkzaamheid)': 1.0, 'Bouw': 1.0, 'Brandveilig gebruik (melding)': 1.0, 'Brandveilig gebruik (vergunning)': 1.0, 'Gebiedsbescherming': 1.0, 'Handelen in strijd met regels RO': 1.0, 'Inrit/Uitweg': 1.0, 'Kap': 1.0, 'Milieu (melding)': 1.0, 'Milieu (neutraal wijziging)': 1.0, 'Milieu (omgevingsvergunning beperkte milieutoets)': 1.0, 'Milieu (vergunning)': 1.0, 'Monument': 1.0, 'Reclame': 1.0, 'Responsible_actor': 560458.0, 'SUMleges': -8384.015, 'Sloop': 1.0}",regular
3493548-12,01_HOOFD_015,2010-10-27 12:55:18,2010-10-27 20:09:55,2010-10-28 07:52:37,560532,17,1.1155627605372858,7,3,7,complete,10,EMPTY,-10533157.999999,-68239.0,582.0,4,"{'Aanleg (Uitvoeren werk of werkzaamheid)': 1.0, 'Bouw': 1.0, 'Brandveilig gebruik (melding)': 1.0, 'Brandveilig gebruik (vergunning)': 1.0, 'Gebiedsbescherming': 1.0, 'Handelen in strijd met regels RO': 1.0, 'Inrit/Uitweg': 1.0, 'Kap': 1.0, 'Milieu (melding)': 1.0, 'Milieu (neutraal wijziging)': 1.0, 'Milieu (omgevingsvergunning beperkte milieutoets)': 1.0, 'Milieu (vergunning)': 1.0, 'Monument': 1.0, 'Reclame': 1.0, 'Responsible_actor': 560458.0, 'SUMleges': 71.02275000000026, 'Sloop': 1.0}",regular
3461877-12,01_HOOFD_065_2,2010-10-27 12:55:18,2010-10-28 07:52:37,2010-10-28 07:52:37,560532,17,1.2271885132005558,7,2,7,complete,10,False,-10533157.999999,-68239.0,569.0,4,"{'Aanleg (Uitvoeren werk of werkzaamheid)': 1.0, 'Bouw': 1.0, 'Brandveilig gebruik (melding)': 1.0, 'Brandveilig gebruik (vergunning)': 1.0, 'Gebiedsbescherming': 1.0, 'Handelen in strijd met regels RO': 1.0, 'Inrit/Uitweg': 1.0, 'Kap': 1.0, 'Milieu (melding)': 1.0, 'Milieu (neutraal wijziging)': 1.0, 'Milieu (omgevingsvergunning beperkte milieutoets)': 1.0, 'Milieu (vergunning)': 1.0, 'Monument': 1.0, 'Reclame': 1.0, 'Responsible_actor': 560458.0, 'SUMleges': 84.29999999999973, 'Sloop': 1.0}",regular
3466211-12,01_HOOFD_065_1,2010-10-27 12:55:18,2010-10-28 07:52:37,2010-10-28 18:56:49,560532,17,1.1299212598425197,7,2,18,complete,10,EMPTY,-10573009.999999,-108091.0,551.0,4,"{'Aanleg (Uitvoeren werk of werkzaamheid)': 1.0, 'Bouw': 1.0, 'Brandveilig gebruik (melding)': 1.0, 'Brandveilig gebruik (vergunning)': 1.0, 'Gebiedsbescherming': 1.0, 'Handelen in strijd met regels RO': 1.0, 'Inrit/Uitweg': 1.0, 'Kap': 1.0, 'Milieu (melding)': 1.0, 'Milieu (neutraal wijziging)': 1.0, 'Milieu (omgevingsvergunning beperkte milieutoets)': 1.0, 'Milieu (vergunning)': 1.0, 'Monument': 1.0, 'Reclame': 1.0, 'Responsible_actor': 560458.0, 'SUMleges': 1698.2235, 'Sloop': 1.0}",regular
3467726-12,01_HOOFD_065_2,2010-10-27 12:55:18,2010-10-28 18:56:49,2010-10-28 18:56:49,560532,17,1.2271885132005558,7,2,18,complete,10,EMPTY,-10573009.999999,-108091.0,1320.0,4,"{'Aanleg (Uitvoeren werk of werkzaamheid)': 1.0, 'Bouw': 1.0, 'Brandveilig gebruik (melding)': 1.0, 'Brandveilig gebruik (vergunning)': 1.0, 'Gebiedsbescherming': 1.0, 'Handelen in strijd met regels RO': 1.0, 'Inrit/Uitweg': 1.0, 'Kap': 1.0, 'Milieu (melding)': 1.0, 'Milieu (neutraal wijziging)': 1.0, 'Milieu (omgevingsvergunning beperkte milieutoets)': 1.0, 'Milieu (vergunning)': 1.0, 'Monument': 1.0, 'Reclame': 1.0, 'Responsible_actor': 560458.0, 'SUMleges': 84.29999999999973, 'Sloop': 1.0}",regular
3467931-12,01_HOOFD_190_2,2010-10-27 12:55:18,2010-10-28 18:56:49,2010-10-28 18:56:49,560532,17,1.0030106530801297,7,2,18,complete,10,False,-10573009.999999,-108091.0,571.0,4,"{'Aanleg (Uitvoeren werk of werkzaamheid)': 1.0, 'Bouw': 1.0, 'Brandveilig gebruik (melding)': 1.0, 'Brandveilig gebruik (vergunning)': 1.0, 'Gebiedsbescherming': 1.0, 'Handelen in strijd met regels RO': 1.0, 'Inrit/Uitweg': 1.0, 'Kap': 1.0, 'Milieu (melding)': 1.0, 'Milieu (neutraal wijziging)': 1.0, 'Milieu (omgevingsvergunning beperkte milieutoets)': 1.0, 'Milieu (vergunning)': 1.0, 'Monument': 1.0, 'Reclame': 1.0, 'Responsible_actor': 560458.0, 'SUMleges': 84.29999999999973, 'Sloop': 1.0}",regular
3477221-12,01_HOOFD_040,2010-10-27 12:55:18,2010-10-28 18:56:49,2010-10-29 05:08:31,560532,17,1.1058360352014822,7,2,5,complete,10,True,-10609711.999999,-144793.0,491.0,5,"{'Aanleg (Uitvoeren werk of werkzaamheid)': 1.0, 'Bouw': 1.0, 'Brandveilig gebruik (melding)': 1.0, 'Brandveilig gebruik (vergunning)': 1.0, 'Gebiedsbescherming': 1.0, 'Handelen in strijd met regels RO': 1.0, 'Inrit/Uitweg': 1.0, 'Kap': 1.0, 'Milieu (melding)': 1.0, 'Milieu (neutraal wijziging)': 1.0, 'Milieu (omgevingsvergunning beperkte milieutoets)': 1.0, 'Milieu (vergunning)': 1.0, 'Monument': 1.0, 'Reclame': 1.0, 'Responsible_actor': 560458.0, 'SUMleges': 42.15000000000071, 'Sloop': 1.0}",regular
3477241-12,01_HOOFD_065_2,2010-10-27 12:55:18,2010-10-29 05:08:31,2010-10-29 05:08:31,560532,17,1.2271885132005558,7,2,5,complete,10,EMPTY,-10609711.999999,-144793.0,563.0,5,"{'Aanleg (Uitvoeren werk of werkzaamheid)': 1.0, 'Bouw': 1.0, 'Brandveilig gebruik (melding)': 1.0, 'Brandveilig gebruik (vergunning)': 1.0, 'Gebiedsbescherming': 1.0, 'Handelen in strijd met regels RO': 1.0, 'Inrit/Uitweg': 1.0, 'Kap': 1.0, 'Milieu (melding)': 1.0, 'Milieu (neutraal wijziging)': 1.0, 'Milieu (omgevingsvergunning beperkte milieutoets)': 1.0, 'Milieu (vergunning)': 1.0, 'Monument': 1.0, 'Reclame': 1.0, 'Responsible_actor': 560458.0, 'SUMleges': 84.29999999999973, 'Sloop': 1.0}",regular
3477254-12,01_HOOFD_190_2,2010-10-27 12:55:18,2010-10-29 05:08:31,2010-10-29 05:08:31,560532,17,1.0030106530801297,7,2,5,complete,10,False,-10609711.999999,-144793.0,577.0,5,"{'Aanleg (Uitvoeren werk of werkzaamheid)': 1.0, 'Bouw': 1.0, 'Brandveilig gebruik (melding)': 1.0, 'Brandveilig gebruik (vergunning)': 1.0, 'Gebiedsbescherming': 1.0, 'Handelen in strijd met regels RO': 1.0, 'Inrit/Uitweg': 1.0, 'Kap': 1.0, 'Milieu (melding)': 1.0, 'Milieu (neutraal wijziging)': 1.0, 'Milieu (omgevingsvergunning beperkte milieutoets)': 1.0, 'Milieu (vergunning)': 1.0, 'Monument': 1.0, 'Reclame': 1.0, 'Responsible_actor': 560458.0, 'SUMleges': -8384.015, 'Sloop': 1.0}",regular
3461877-12,06_VD_010,2010-10-28 07:52:37,2010-10-29 05:08:31,2010-10-29 16:38:12,560532,16,1.331635016211209,6,3,16,complete,10,False,-10651092.999999,-117935.0,569.0,5,"{'Aanleg (Uitvoeren werk of werkzaamheid)': 1.0, 'Bouw': 1.0, 'Brandveilig gebruik (melding)': 1.0, 'Brandveilig gebruik (vergunning)': 1.0, 'Gebiedsbescherming': 1.0, 'Handelen in strijd met regels RO': 1.0, 'Inrit/Uitweg': 1.0, 'Kap': 1.0, 'Milieu (melding)': 1.0, 'Milieu (neutraal wijziging)': 1.0, 'Milieu (omgevingsvergunning beperkte milieutoets)': 1.0, 'Milieu (vergunning)': 1.0, 'Monument': 1.0, 'Reclame': 1.0, 'Responsible_actor': 560458.0, 'SUMleges': 84.29999999999973, 'Sloop': 1.0}",regular
3481077-12,01_HOOFD_100,2010-10-28 09:59:59,2010-10-29 16:38:12,2010-10-29 16:38:12,560532,17,1.1924502084298285,7,1,16,complete,10,EMPTY,-10651092.999999,-10651092.999999,1320.0,5,"{'Aanleg (Uitvoeren werk of werkzaamheid)': 1.0, 'Bouw': 1.0, 'Brandveilig gebruik (melding)': 1.0, 'Brandveilig gebruik (vergunning)': 1.0, 'Gebiedsbescherming': 1.0, 'Handelen in strijd met regels RO': 1.0, 'Inrit/Uitweg': 1.0, 'Kap': 1.0, 'Milieu (melding)': 1.0, 'Milieu (neutraal wijziging)': 1.0, 'Milieu (omgevingsvergunning beperkte milieutoets)': 1.0, 'Milieu (vergunning)': 1.0, 'Monument': 1.0, 'Reclame': 1.0, 'Responsible_actor': 560458.0, 'SUMleges': -8384.015, 'Sloop': 1.0}",deviant
3466211-12,01_HOOFD_100,2010-10-28 18:56:49,2010-10-29 16:38:12,2010-10-29 16:45:15,560532,17,1.1924502084298285,7,3,16,complete,10,EMPTY,-10651515.999999,-78506.0,551.0,5,"{'Aanleg (Uitvoeren werk of werkzaamheid)': 1.0, 'Bouw': 1.0, 'Brandveilig gebruik (melding)': 1.0, 'Brandveilig gebruik (vergunning)': 1.0, 'Gebiedsbescherming': 1.0, 'Handelen in strijd met regels RO': 1.0, 'Inrit/Uitweg': 1.0, 'Kap': 1.0, 'Milieu (melding)': 1.0, 'Milieu (neutraal wijziging)': 1.0, 'Milieu (omgevingsvergunning beperkte milieutoets)': 1.0, 'Milieu (vergunning)': 1.0, 'Monument': 1.0, 'Reclame': 1.0, 'Responsible_actor': 560458.0, 'SUMleges': 1698.2235, 'Sloop': 1.0}",regular
3467931-12,01_HOOFD_040,2010-10-28 18:56:49,2010-10-29 16:45:15,2010-10-30 04:16:17,560532,16,1.1058360352014822,6,3,4,complete,10,False,-10692977.999999,-119968.0,571.0,6,"{'Aanleg (Uitvoeren werk of werkzaamheid)': 1.0, 'Bouw': 1.0, 'Brandveilig gebruik (melding)': 1.0, 'Brandveilig gebruik (vergunning)': 1.0, 'Gebiedsbescherming': 1.0, 'Handelen in strijd met regels RO': 1.0, 'Inrit/Uitweg': 1.0, 'Kap': 1.0, 'Milieu (melding)': 1.0, 'Milieu (neutraal wijziging)': 1.0, 'Milieu (omgevingsvergunning beperkte milieutoets)': 1.0, 'Milieu (vergunning)': 1.0, 'Monument': 1.0, 'Reclame': 1.0, 'Responsible_actor': 560458.0, 'SUMleges': 84.29999999999973, 'Sloop': 1.0}",regular
3477221-12,01_HOOFD_060,2010-10-29 05:08:31,2010-10-30 04:57:03,2010-10-30 04:57:11,560532,16,1.0856878184344605,6,3,4,complete,10,True,-10695431.999999,-85720.0,491.0,6,"{'Aanleg (Uitvoeren werk of werkzaamheid)': 1.0, 'Bouw': 1.0, 'Brandveilig gebruik (melding)': 1.0, 'Brandveilig gebruik (vergunning)': 1.0, 'Gebiedsbescherming': 1.0, 'Handelen in strijd met regels RO': 1.0, 'Inrit/Uitweg': 1.0, 'Kap': 1.0, 'Milieu (melding)': 1.0, 'Milieu (neutraal wijziging)': 1.0, 'Milieu (omgevingsvergunning beperkte milieutoets)': 1.0, 'Milieu (vergunning)': 1.0, 'Monument': 1.0, 'Reclame': 1.0, 'Responsible_actor': 560458.0, 'SUMleges': 42.15000000000071, 'Sloop': 1.0}",regular
3477241-12,01_HOOFD_065_1,2010-10-29 05:08:31,2010-10-30 04:57:11,2010-10-30 16:20:46,560532,16,1.1299212598425197,6,3,16,complete,10,EMPTY,-10736446.999999,-126735.0,563.0,6,"{'Aanleg (Uitvoeren werk of werkzaamheid)': 1.0, 'Bouw': 1.0, 'Brandveilig gebruik (melding)': 1.0, 'Brandveilig gebruik (vergunning)': 1.0, 'Gebiedsbescherming': 1.0, 'Handelen in strijd met regels RO': 1.0, 'Inrit/Uitweg': 1.0, 'Kap': 1.0, 'Milieu (melding)': 1.0, 'Milieu (neutraal wijziging)': 1.0, 'Milieu (omgevingsvergunning beperkte milieutoets)': 1.0, 'Milieu (vergunning)': 1.0, 'Monument': 1.0, 'Reclame': 1.0, 'Responsible_actor': 560458.0, 'SUMleges': 84.29999999999973, 'Sloop': 1.0}",regular
3477254-12,01_HOOFD_040,2010-10-29 05:08:31,2010-10-30 16:20:46,2010-10-31 03:57:46,560532,16,1.1058360352014822,6,3,3,complete,10,False,-10778266.999999,-168555.0,577.0,7,"{'Aanleg (Uitvoeren werk of werkzaamheid)': 1.0, 'Bouw': 1.0, 'Brandveilig gebruik (melding)': 1.0, 'Brandveilig gebruik (vergunning)': 1.0, 'Gebiedsbescherming': 1.0, 'Handelen in strijd met regels RO': 1.0, 'Inrit/Uitweg': 1.0, 'Kap': 1.0, 'Milieu (melding)': 1.0, 'Milieu (neutraal wijziging)': 1.0, 'Milieu (omgevingsvergunning beperkte milieutoets)': 1.0, 'Milieu (vergunning)': 1.0, 'Monument': 1.0, 'Reclame': 1.0, 'Responsible_actor': 560458.0, 'SUMleges': -8384.015, 'Sloop': 1.0}",regular
3503672-14,01_HOOFD_010,2010-11-01 10:59:59,2010-11-01 10:59:59,2010-11-01 10:59:59,560532,11,1.1987031032885596,0,1,10,complete,11,EMPTY,-10889999.999999,-10889999.999999,1380.0,1,"{'Aanleg (Uitvoeren werk of werkzaamheid)': 1.0, 'Bouw': 1.0, 'Brandveilig gebruik (melding)': 1.0, 'Brandveilig gebruik (vergunning)': 1.0, 'Gebiedsbescherming': 1.0, 'Handelen in strijd met regels RO': 1.0, 'Inrit/Uitweg': 1.0, 'Kap': 1.0, 'Milieu (melding)': 1.0, 'Milieu (neutraal wijziging)': 1.0, 'Milieu (omgevingsvergunning beperkte milieutoets)': 1.0, 'Milieu (vergunning)': 1.0, 'Monument': 1.0, 'Reclame': 1.0, 'Responsible_actor': 560458.0, 'SUMleges': 126.45000000000043, 'Sloop': 1.0}",regular
3520253-14,01_HOOFD_010,2010-11-01 10:59:59,2010-11-01 10:59:59,2010-11-01 10:59:59,560532,11,1.1987031032885596,1,1,10,complete,11,EMPTY,-10889999.999999,-10889999.999999,1380.0,1,"{'Aanleg (Uitvoeren werk of werkzaamheid)': 1.0, 'Bouw': 1.0, 'Brandveilig gebruik (melding)': 1.0, 'Brandveilig gebruik (vergunning)': 1.0, 'Gebiedsbescherming': 1.0, 'Handelen in strijd met regels RO': 1.0, 'Inrit/Uitweg': 1.0, 'Kap': 1.0, 'Milieu (melding)': 1.0, 'Milieu (neutraal wijziging)': 1.0, 'Milieu (omgevingsvergunning beperkte milieutoets)': 1.0, 'Milieu (vergunning)': 1.0, 'Monument': 1.0, 'Reclame': 1.0, 'Responsible_actor': 560458.0, 'SUMleges': -8384.015, 'Sloop': 1.0}",deviant
3503672-14,01_HOOFD_030_2,2010-11-01 10:59:59,2010-11-01 13:59:38,2010-11-02 13:59:38,560532,11,1.0900880037054193,1,2,13,complete,11,EMPTY,-10987178.999999,-97179.0,1380.0,2,"{'Aanleg (Uitvoeren werk of werkzaamheid)': 1.0, 'Bouw': 1.0, 'Brandveilig gebruik (melding)': 1.0, 'Brandveilig gebruik (vergunning)': 1.0, 'Gebiedsbescherming': 1.0, 'Handelen in strijd met regels RO': 1.0, 'Inrit/Uitweg': 1.0, 'Kap': 1.0, 'Milieu (melding)': 1.0, 'Milieu (neutraal wijziging)': 1.0, 'Milieu (omgevingsvergunning beperkte milieutoets)': 1.0, 'Milieu (vergunning)': 1.0, 'Monument': 1.0, 'Reclame': 1.0, 'Responsible_actor': 560458.0, 'SUMleges': 126.45000000000043, 'Sloop': 1.0}",regular
3520253-14,01_HOOFD_100,2010-11-01 10:59:59,2010-11-02 13:59:38,2010-11-05 13:59:38,560532,11,1.1924502084298285,1,2,13,complete,11,EMPTY,-11246378.999999,-356379.0,1380.0,5,"{'Aanleg (Uitvoeren werk of werkzaamheid)': 1.0, 'Bouw': 1.0, 'Brandveilig gebruik (melding)': 1.0, 'Brandveilig gebruik (vergunning)': 1.0, 'Gebiedsbescherming': 1.0, 'Handelen in strijd met regels RO': 1.0, 'Inrit/Uitweg': 1.0, 'Kap': 1.0, 'Milieu (melding)': 1.0, 'Milieu (neutraal wijziging)': 1.0, 'Milieu (omgevingsvergunning beperkte milieutoets)': 1.0, 'Milieu (vergunning)': 1.0, 'Monument': 1.0, 'Reclame': 1.0, 'Responsible_actor': 560458.0, 'SUMleges': -8384.015, 'Sloop': 1.0}",deviant
3461877-14,01_HOOFD_250,2010-11-01 23:17:20,2010-11-05 13:59:38,2010-11-05 13:59:38,560532,12,1.0646132468735525,2,1,13,complete,11,False,-11246378.999999,-11246378.999999,845.0,5,"{'Aanleg (Uitvoeren werk of werkzaamheid)': 1.0, 'Bouw': 1.0, 'Brandveilig gebruik (melding)': 1.0, 'Brandveilig gebruik (vergunning)': 1.0, 'Gebiedsbescherming': 1.0, 'Handelen in strijd met regels RO': 1.0, 'Inrit/Uitweg': 1.0, 'Kap': 1.0, 'Milieu (melding)': 1.0, 'Milieu (neutraal wijziging)': 1.0, 'Milieu (omgevingsvergunning beperkte milieutoets)': 1.0, 'Milieu (vergunning)': 1.0, 'Monument': 1.0, 'Reclame': 1.0, 'Responsible_actor': 560458.0, 'SUMleges': 84.29999999999973, 'Sloop': 1.0}",regular
3477241-14,01_HOOFD_200,2010-11-02 00:59:38,2010-11-05 13:59:38,2010-11-05 13:59:38,560532,13,1.0914775358962483,3,1,13,complete,11,False,-11246378.999999,-11246378.999999,780.0,5,"{'Aanleg (Uitvoeren werk of werkzaamheid)': 1.0, 'Bouw': 1.0, 'Brandveilig gebruik (melding)': 1.0, 'Brandveilig gebruik (vergunning)': 1.0, 'Gebiedsbescherming': 1.0, 'Handelen in strijd met regels RO': 1.0, 'Inrit/Uitweg': 1.0, 'Kap': 1.0, 'Milieu (melding)': 1.0, 'Milieu (neutraal wijziging)': 1.0, 'Milieu (omgevingsvergunning beperkte milieutoets)': 1.0, 'Milieu (vergunning)': 1.0, 'Monument': 1.0, 'Reclame': 1.0, 'Responsible_actor': 560458.0, 'SUMleges': 84.29999999999973, 'Sloop': 1.0}",regular
3467931-14,01_HOOFD_250,2010-11-02 02:29:45,2010-11-05 13:59:38,2010-11-05 13:59:38,560532,14,1.0646132468735525,4,1,13,complete,11,False,-11246378.999999,-11246378.999999,869.0,5,"{'Aanleg (Uitvoeren werk of werkzaamheid)': 1.0, 'Bouw': 1.0, 'Brandveilig gebruik (melding)': 1.0, 'Brandveilig gebruik (vergunning)': 1.0, 'Gebiedsbescherming': 1.0, 'Handelen in strijd met regels RO': 1.0, 'Inrit/Uitweg': 1.0, 'Kap': 1.0, 'Milieu (melding)': 1.0, 'Milieu (neutraal wijziging)': 1.0, 'Milieu (omgevingsvergunning beperkte milieutoets)': 1.0, 'Milieu (vergunning)': 1.0, 'Monument': 1.0, 'Reclame': 1.0, 'Responsible_actor': 560458.0, 'SUMleges': 84.29999999999973, 'Sloop': 1.0}",regular
3503672-14,01_HOOFD_195_2,2010-11-02 13:59:38,2010-11-05 13:59:38,2010-11-05 13:59:38,560532,14,1,4,3,13,complete,11,EMPTY,-11246378.999999,-259200.0,1380.0,5,"{'Aanleg (Uitvoeren werk of werkzaamheid)': 1.0, 'Bouw': 1.0, 'Brandveilig gebruik (melding)': 1.0, 'Brandveilig gebruik (vergunning)': 1.0, 'Gebiedsbescherming': 1.0, 'Handelen in strijd met regels RO': 1.0, 'Inrit/Uitweg': 1.0, 'Kap': 1.0, 'Milieu (melding)': 1.0, 'Milieu (neutraal wijziging)': 1.0, 'Milieu (omgevingsvergunning beperkte milieutoets)': 1.0, 'Milieu (vergunning)': 1.0, 'Monument': 1.0, 'Reclame': 1.0, 'Responsible_actor': 560458.0, 'SUMleges': 126.45000000000043, 'Sloop': 1.0}",regular
3461877-14,01_HOOFD_260,2010-11-05 13:59:38,2010-11-05 21:46:17,2010-11-05 21:46:44,560532,13,1.0578971746178787,3,2,21,complete,11,False,-11274404.999999,-28026.0,845.0,5,"{'Aanleg (Uitvoeren werk of werkzaamheid)': 1.0, 'Bouw': 1.0, 'Brandveilig gebruik (melding)': 1.0, 'Brandveilig gebruik (vergunning)': 1.0, 'Gebiedsbescherming': 1.0, 'Handelen in strijd met regels RO': 1.0, 'Inrit/Uitweg': 1.0, 'Kap': 1.0, 'Milieu (melding)': 1.0, 'Milieu (neutraal wijziging)': 1.0, 'Milieu (omgevingsvergunning beperkte milieutoets)': 1.0, 'Milieu (vergunning)': 1.0, 'Monument': 1.0, 'Reclame': 1.0, 'Responsible_actor': 560458.0, 'SUMleges': 84.29999999999973, 'Sloop': 1.0}",regular
3477241-14,01_HOOFD_205,2010-11-05 13:59:38,2010-11-06 00:44:46,2010-11-06 00:44:46,560532,13,1.040064844835572,3,2,0,complete,11,False,-11285086.999999,-38708.0,780.0,6,"{'Aanleg (Uitvoeren werk of werkzaamheid)': 1.0, 'Bouw': 1.0, 'Brandveilig gebruik (melding)': 1.0, 'Brandveilig gebruik (vergunning)': 1.0, 'Gebiedsbescherming': 1.0, 'Handelen in strijd met regels RO': 1.0, 'Inrit/Uitweg': 1.0, 'Kap': 1.0, 'Milieu (melding)': 1.0, 'Milieu (neutraal wijziging)': 1.0, 'Milieu (omgevingsvergunning beperkte milieutoets)': 1.0, 'Milieu (vergunning)': 1.0, 'Monument': 1.0, 'Reclame': 1.0, 'Responsible_actor': 560458.0, 'SUMleges': 84.29999999999973, 'Sloop': 1.0}",regular
3467931-14,01_HOOFD_260,2010-11-05 13:59:38,2010-11-06 01:08:58,2010-11-06 01:09:00,560532,13,1.0578971746178787,3,2,1,complete,11,False,-11286540.999999,-40162.0,869.0,6,"{'Aanleg (Uitvoeren werk of werkzaamheid)': 1.0, 'Bouw': 1.0, 'Brandveilig gebruik (melding)': 1.0, 'Brandveilig gebruik (vergunning)': 1.0, 'Gebiedsbescherming': 1.0, 'Handelen in strijd met regels RO': 1.0, 'Inrit/Uitweg': 1.0, 'Kap': 1.0, 'Milieu (melding)': 1.0, 'Milieu (neutraal wijziging)': 1.0, 'Milieu (omgevingsvergunning beperkte milieutoets)': 1.0, 'Milieu (vergunning)': 1.0, 'Monument': 1.0, 'Reclame': 1.0, 'Responsible_actor': 560458.0, 'SUMleges': 84.29999999999973, 'Sloop': 1.0}",regular
3461877-14,09_AH_I_010,2010-11-05 21:46:44,2010-11-06 10:27:53,2010-11-06 13:15:59,560532,12,1.070634553033812,2,3,13,complete,11,False,-11330159.999999,-55755.0,845.0,6,"{'Aanleg (Uitvoeren werk of werkzaamheid)': 1.0, 'Bouw': 1.0, 'Brandveilig gebruik (melding)': 1.0, 'Brandveilig gebruik (vergunning)': 1.0, 'Gebiedsbescherming': 1.0, 'Handelen in strijd met regels RO': 1.0, 'Inrit/Uitweg': 1.0, 'Kap': 1.0, 'Milieu (melding)': 1.0, 'Milieu (neutraal wijziging)': 1.0, 'Milieu (omgevingsvergunning beperkte milieutoets)': 1.0, 'Milieu (vergunning)': 1.0, 'Monument': 1.0, 'Reclame': 1.0, 'Responsible_actor': 560458.0, 'SUMleges': 84.29999999999973, 'Sloop': 1.0}",regular
3477241-14,01_HOOFD_270,2010-11-06 00:44:46,2010-11-06 13:15:59,2010-11-06 13:16:20,560532,12,1.0231588698471514,2,3,13,complete,11,False,-11330180.999999,-45094.0,780.0,6,"{'Aanleg (Uitvoeren werk of werkzaamheid)': 1.0, 'Bouw': 1.0, 'Brandveilig gebruik (melding)': 1.0, 'Brandveilig gebruik (vergunning)': 1.0, 'Gebiedsbescherming': 1.0, 'Handelen in strijd met regels RO': 1.0, 'Inrit/Uitweg': 1.0, 'Kap': 1.0, 'Milieu (melding)': 1.0, 'Milieu (neutraal wijziging)': 1.0, 'Milieu (omgevingsvergunning beperkte milieutoets)': 1.0, 'Milieu (vergunning)': 1.0, 'Monument': 1.0, 'Reclame': 1.0, 'Responsible_actor': 560458.0, 'SUMleges': 84.29999999999973, 'Sloop': 1.0}",regular
3467931-14,09_AH_I_010,2010-11-06 01:09:00,2010-11-06 13:16:20,2010-11-06 13:16:24,560532,12,1.070634553033812,2,3,13,complete,11,False,-11330184.999999,-43644.0,869.0,6,"{'Aanleg (Uitvoeren werk of werkzaamheid)': 1.0, 'Bouw': 1.0, 'Brandveilig gebruik (melding)': 1.0, 'Brandveilig gebruik (vergunning)': 1.0, 'Gebiedsbescherming': 1.0, 'Handelen in strijd met regels RO': 1.0, 'Inrit/Uitweg': 1.0, 'Kap': 1.0, 'Milieu (melding)': 1.0, 'Milieu (neutraal wijziging)': 1.0, 'Milieu (omgevingsvergunning beperkte milieutoets)': 1.0, 'Milieu (vergunning)': 1.0, 'Monument': 1.0, 'Reclame': 1.0, 'Responsible_actor': 560458.0, 'SUMleges': 84.29999999999973, 'Sloop': 1.0}",regular
3477221-14,01_HOOFD_190_2,2010-11-08 10:59:59,2010-11-08 10:59:59,2010-11-08 10:59:59,560532,10,1.0030106530801297,0,1,10,complete,11,EMPTY,-11494799.999998,-11494799.999998,785.0,1,"{'Aanleg (Uitvoeren werk of werkzaamheid)': 1.0, 'Bouw': 1.0, 'Brandveilig gebruik (melding)': 1.0, 'Brandveilig gebruik (vergunning)': 1.0, 'Gebiedsbescherming': 1.0, 'Handelen in strijd met regels RO': 1.0, 'Inrit/Uitweg': 1.0, 'Kap': 1.0, 'Milieu (melding)': 1.0, 'Milieu (neutraal wijziging)': 1.0, 'Milieu (omgevingsvergunning beperkte milieutoets)': 1.0, 'Milieu (vergunning)': 1.0, 'Monument': 1.0, 'Reclame': 1.0, 'Responsible_actor': 560458.0, 'SUMleges': 42.15000000000071, 'Sloop': 1.0}",regular
3477221-14,01_HOOFD_110,2010-11-08 10:59:59,2010-11-08 13:40:57,2010-11-09 03:46:49,560532,10,1.190829087540528,0,2,3,complete,11,EMPTY,-11555209.999998,-60410.0,785.0,2,"{'Aanleg (Uitvoeren werk of werkzaamheid)': 1.0, 'Bouw': 1.0, 'Brandveilig gebruik (melding)': 1.0, 'Brandveilig gebruik (vergunning)': 1.0, 'Gebiedsbescherming': 1.0, 'Handelen in strijd met regels RO': 1.0, 'Inrit/Uitweg': 1.0, 'Kap': 1.0, 'Milieu (melding)': 1.0, 'Milieu (neutraal wijziging)': 1.0, 'Milieu (omgevingsvergunning beperkte milieutoets)': 1.0, 'Milieu (vergunning)': 1.0, 'Monument': 1.0, 'Reclame': 1.0, 'Responsible_actor': 560458.0, 'SUMleges': 42.15000000000071, 'Sloop': 1.0}",regular
3477221-14,01_HOOFD_120,2010-11-09 03:46:49,2010-11-09 09:03:39,2010-11-09 09:03:44,560532,10,1.1327003242241778,0,3,9,complete,11,EMPTY,-11574224.999998,-19015.0,785.0,2,"{'Aanleg (Uitvoeren werk of werkzaamheid)': 1.0, 'Bouw': 1.0, 'Brandveilig gebruik (melding)': 1.0, 'Brandveilig gebruik (vergunning)': 1.0, 'Gebiedsbescherming': 1.0, 'Handelen in strijd met regels RO': 1.0, 'Inrit/Uitweg': 1.0, 'Kap': 1.0, 'Milieu (melding)': 1.0, 'Milieu (neutraal wijziging)': 1.0, 'Milieu (omgevingsvergunning beperkte milieutoets)': 1.0, 'Milieu (vergunning)': 1.0, 'Monument': 1.0, 'Reclame': 1.0, 'Responsible_actor': 560458.0, 'SUMleges': 42.15000000000071, 'Sloop': 1.0}",regular
3519994-15,01_HOOFD_010,2010-11-09 10:59:59,2010-11-09 10:59:59,2010-11-09 10:59:59,560532,10,1.1987031032885596,0,1,10,complete,11,EMPTY,-11581199.999998,-11581199.999998,1380.0,2,"{'Aanleg (Uitvoeren werk of werkzaamheid)': 1.0, 'Bouw': 1.0, 'Brandveilig gebruik (melding)': 1.0, 'Brandveilig gebruik (vergunning)': 1.0, 'Gebiedsbescherming': 1.0, 'Handelen in strijd met regels RO': 1.0, 'Inrit/Uitweg': 1.0, 'Kap': 1.0, 'Milieu (melding)': 1.0, 'Milieu (neutraal wijziging)': 1.0, 'Milieu (omgevingsvergunning beperkte milieutoets)': 1.0, 'Milieu (vergunning)': 1.0, 'Monument': 1.0, 'Reclame': 1.0, 'Responsible_actor': 560458.0, 'SUMleges': 84.29999999999973, 'Sloop': 1.0}",regular
3477221-15,01_HOOFD_490_3,2010-11-10 10:59:59,2010-11-10 10:59:59,2010-11-10 10:59:59,560532,10,1.093561834182492,0,1,10,complete,11,EMPTY,-11667599.999998,-11667599.999998,1380.0,3,"{'Aanleg (Uitvoeren werk of werkzaamheid)': 1.0, 'Bouw': 1.0, 'Brandveilig gebruik (melding)': 1.0, 'Brandveilig gebruik (vergunning)': 1.0, 'Gebiedsbescherming': 1.0, 'Handelen in strijd met regels RO': 1.0, 'Inrit/Uitweg': 1.0, 'Kap': 1.0, 'Milieu (melding)': 1.0, 'Milieu (neutraal wijziging)': 1.0, 'Milieu (omgevingsvergunning beperkte milieutoets)': 1.0, 'Milieu (vergunning)': 1.0, 'Monument': 1.0, 'Reclame': 1.0, 'Responsible_actor': 560458.0, 'SUMleges': 42.15000000000071, 'Sloop': 1.0}",regular
3477221-15,01_HOOFD_530,2010-11-10 10:59:59,2010-11-10 21:53:54,2010-11-10 21:53:54,560532,10,2.3371931449745253,0,2,21,complete,11,EMPTY,-11706834.999998,-39235.0,1380.0,3,"{'Aanleg (Uitvoeren werk of werkzaamheid)': 1.0, 'Bouw': 1.0, 'Brandveilig gebruik (melding)': 1.0, 'Brandveilig gebruik (vergunning)': 1.0, 'Gebiedsbescherming': 1.0, 'Handelen in strijd met regels RO': 1.0, 'Inrit/Uitweg': 1.0, 'Kap': 1.0, 'Milieu (melding)': 1.0, 'Milieu (neutraal wijziging)': 1.0, 'Milieu (omgevingsvergunning beperkte milieutoets)': 1.0, 'Milieu (vergunning)': 1.0, 'Monument': 1.0, 'Reclame': 1.0, 'Responsible_actor': 560458.0, 'SUMleges': 42.15000000000071, 'Sloop': 1.0}",regular
3477221-15,01_HOOFD_510_2,2010-11-10 21:53:54,2010-11-11 17:10:01,2010-11-11 17:10:01,560532,10,1.0727188513200556,0,3,17,complete,11,EMPTY,-11776201.999998,-69367.0,1380.0,4,"{'Aanleg (Uitvoeren werk of werkzaamheid)': 1.0, 'Bouw': 1.0, 'Brandveilig gebruik (melding)': 1.0, 'Brandveilig gebruik (vergunning)': 1.0, 'Gebiedsbescherming': 1.0, 'Handelen in strijd met regels RO': 1.0, 'Inrit/Uitweg': 1.0, 'Kap': 1.0, 'Milieu (melding)': 1.0, 'Milieu (neutraal wijziging)': 1.0, 'Milieu (omgevingsvergunning beperkte milieutoets)': 1.0, 'Milieu (vergunning)': 1.0, 'Monument': 1.0, 'Reclame': 1.0, 'Responsible_actor': 560458.0, 'SUMleges': 42.15000000000071, 'Sloop': 1.0}",regular
3461877-15,01_HOOFD_530,2010-11-11 10:59:59,2010-11-11 17:10:01,2010-11-11 17:10:01,560532,12,2.3371931449745253,1,1,17,complete,11,EMPTY,-11776201.999998,-11776201.999998,1380.0,4,"{'Aanleg (Uitvoeren werk of werkzaamheid)': 1.0, 'Bouw': 1.0, 'Brandveilig gebruik (melding)': 1.0, 'Brandveilig gebruik (vergunning)': 1.0, 'Gebiedsbescherming': 1.0, 'Handelen in strijd met regels RO': 1.0, 'Inrit/Uitweg': 1.0, 'Kap': 1.0, 'Milieu (melding)': 1.0, 'Milieu (neutraal wijziging)': 1.0, 'Milieu (omgevingsvergunning beperkte milieutoets)': 1.0, 'Milieu (vergunning)': 1.0, 'Monument': 1.0, 'Reclame': 1.0, 'Responsible_actor': 560458.0, 'SUMleges': 84.29999999999973, 'Sloop': 1.0}",regular
3467931-15,01_HOOFD_530,2010-11-11 10:59:59,2010-11-11 17:10:01,2010-11-11 17:10:01,560532,13,2.3371931449745253,2,1,17,complete,11,EMPTY,-11776201.999998,-11776201.999998,1380.0,4,"{'Aanleg (Uitvoeren werk of werkzaamheid)': 1.0, 'Bouw': 1.0, 'Brandveilig gebruik (melding)': 1.0, 'Brandveilig gebruik (vergunning)': 1.0, 'Gebiedsbescherming': 1.0, 'Handelen in strijd met regels RO': 1.0, 'Inrit/Uitweg': 1.0, 'Kap': 1.0, 'Milieu (melding)': 1.0, 'Milieu (neutraal wijziging)': 1.0, 'Milieu (omgevingsvergunning beperkte milieutoets)': 1.0, 'Milieu (vergunning)': 1.0, 'Monument': 1.0, 'Reclame': 1.0, 'Responsible_actor': 560458.0, 'SUMleges': 84.29999999999973, 'Sloop': 1.0}",regular
3477241-15,01_HOOFD_530,2010-11-11 10:59:59,2010-11-11 17:10:01,2010-11-11 17:10:01,560532,14,2.3371931449745253,3,1,17,complete,11,EMPTY,-11776201.999998,-11776201.999998,1380.0,4,"{'Aanleg (Uitvoeren werk of werkzaamheid)': 1.0, 'Bouw': 1.0, 'Brandveilig gebruik (melding)': 1.0, 'Brandveilig gebruik (vergunning)': 1.0, 'Gebiedsbescherming': 1.0, 'Handelen in strijd met regels RO': 1.0, 'Inrit/Uitweg': 1.0, 'Kap': 1.0, 'Milieu (melding)': 1.0, 'Milieu (neutraal wijziging)': 1.0, 'Milieu (omgevingsvergunning beperkte milieutoets)': 1.0, 'Milieu (vergunning)': 1.0, 'Monument': 1.0, 'Reclame': 1.0, 'Responsible_actor': 560458.0, 'SUMleges': 84.29999999999973, 'Sloop': 1.0}",regular
3503672-15,01_HOOFD_100,2010-11-11 10:59:59,2010-11-11 17:10:01,2010-11-11 17:10:01,560532,14,1.1924502084298285,4,1,17,complete,11,EMPTY,-11776201.999998,-11776201.999998,1380.0,4,"{'Aanleg (Uitvoeren werk of werkzaamheid)': 1.0, 'Bouw': 1.0, 'Brandveilig gebruik (melding)': 1.0, 'Brandveilig gebruik (vergunning)': 1.0, 'Gebiedsbescherming': 1.0, 'Handelen in strijd met regels RO': 1.0, 'Inrit/Uitweg': 1.0, 'Kap': 1.0, 'Milieu (melding)': 1.0, 'Milieu (neutraal wijziging)': 1.0, 'Milieu (omgevingsvergunning beperkte milieutoets)': 1.0, 'Milieu (vergunning)': 1.0, 'Monument': 1.0, 'Reclame': 1.0, 'Responsible_actor': 560458.0, 'SUMleges': 126.45000000000043, 'Sloop': 1.0}",regular
3520253-16,01_HOOFD_030_2,2010-11-15 10:59:59,2010-11-15 10:59:59,2010-11-15 10:59:59,560532,11,1.0900880037054193,0,1,10,complete,11,EMPTY,-12099599.999998,-12099599.999998,1380.0,1,"{'Aanleg (Uitvoeren werk of werkzaamheid)': 1.0, 'Bouw': 1.0, 'Brandveilig gebruik (melding)': 1.0, 'Brandveilig gebruik (vergunning)': 1.0, 'Gebiedsbescherming': 1.0, 'Handelen in strijd met regels RO': 1.0, 'Inrit/Uitweg': 1.0, 'Kap': 1.0, 'Milieu (melding)': 1.0, 'Milieu (neutraal wijziging)': 1.0, 'Milieu (omgevingsvergunning beperkte milieutoets)': 1.0, 'Milieu (vergunning)': 1.0, 'Monument': 1.0, 'Reclame': 1.0, 'Responsible_actor': 560458.0, 'SUMleges': -8384.015, 'Sloop': 1.0}",deviant
3527251-16,01_HOOFD_010,2010-11-15 10:59:59,2010-11-15 10:59:59,2010-11-15 10:59:59,560532,11,1.1987031032885596,1,1,10,complete,11,EMPTY,-12099599.999998,-12099599.999998,530.0,1,"{'Aanleg (Uitvoeren werk of werkzaamheid)': 1.0, 'Bouw': 1.0, 'Brandveilig gebruik (melding)': 1.0, 'Brandveilig gebruik (vergunning)': 1.0, 'Gebiedsbescherming': 1.0, 'Handelen in strijd met regels RO': 1.0, 'Inrit/Uitweg': 1.0, 'Kap': 1.0, 'Milieu (melding)': 1.0, 'Milieu (neutraal wijziging)': 1.0, 'Milieu (omgevingsvergunning beperkte milieutoets)': 1.0, 'Milieu (vergunning)': 1.0, 'Monument': 1.0, 'Reclame': 1.0, 'Responsible_actor': 560458.0, 'SUMleges': 59.24604000000022, 'Sloop': 1.0}",regular
3527251-16,01_HOOFD_030_2,2010-11-15 10:59:59,2010-11-15 13:38:33,2010-11-16 13:38:33,560532,10,1.0900880037054193,0,2,13,complete,11,EMPTY,-12195513.999998,-95914.0,530.0,2,"{'Aanleg (Uitvoeren werk of werkzaamheid)': 1.0, 'Bouw': 1.0, 'Brandveilig gebruik (melding)': 1.0, 'Brandveilig gebruik (vergunning)': 1.0, 'Gebiedsbescherming': 1.0, 'Handelen in strijd met regels RO': 1.0, 'Inrit/Uitweg': 1.0, 'Kap': 1.0, 'Milieu (melding)': 1.0, 'Milieu (neutraal wijziging)': 1.0, 'Milieu (omgevingsvergunning beperkte milieutoets)': 1.0, 'Milieu (vergunning)': 1.0, 'Monument': 1.0, 'Reclame': 1.0, 'Responsible_actor': 560458.0, 'SUMleges': 59.24604000000022, 'Sloop': 1.0}",regular
3519994-16,01_HOOFD_015,2010-11-15 23:15:44,2010-11-16 13:38:33,2010-11-16 13:38:33,560532,11,1.1155627605372858,1,1,13,complete,11,EMPTY,-12195513.999998,-12195513.999998,1380.0,2,"{'Aanleg (Uitvoeren werk of werkzaamheid)': 1.0, 'Bouw': 1.0, 'Brandveilig gebruik (melding)': 1.0, 'Brandveilig gebruik (vergunning)': 1.0, 'Gebiedsbescherming': 1.0, 'Handelen in strijd met regels RO': 1.0, 'Inrit/Uitweg': 1.0, 'Kap': 1.0, 'Milieu (melding)': 1.0, 'Milieu (neutraal wijziging)': 1.0, 'Milieu (omgevingsvergunning beperkte milieutoets)': 1.0, 'Milieu (vergunning)': 1.0, 'Monument': 1.0, 'Reclame': 1.0, 'Responsible_actor': 560458.0, 'SUMleges': 84.29999999999973, 'Sloop': 1.0}",regular
3467726-16,06_VD_070,2010-11-16 10:59:59,2010-11-16 13:38:33,2010-11-16 13:38:33,560532,12,1.000926354793886,2,1,13,complete,11,EMPTY,-12195513.999998,-12195513.999998,1380.0,2,"{'Aanleg (Uitvoeren werk of werkzaamheid)': 1.0, 'Bouw': 1.0, 'Brandveilig gebruik (melding)': 1.0, 'Brandveilig gebruik (vergunning)': 1.0, 'Gebiedsbescherming': 1.0, 'Handelen in strijd met regels RO': 1.0, 'Inrit/Uitweg': 1.0, 'Kap': 1.0, 'Milieu (melding)': 1.0, 'Milieu (neutraal wijziging)': 1.0, 'Milieu (omgevingsvergunning beperkte milieutoets)': 1.0, 'Milieu (vergunning)': 1.0, 'Monument': 1.0, 'Reclame': 1.0, 'Responsible_actor': 560458.0, 'SUMleges': 84.29999999999973, 'Sloop': 1.0}",regular
