prefix_1,prefix_2,prefix_3,prefix_4,prefix_5,prefix_6,prefix_7,desired_cfs,idx,test_id,dataset,black_box
Register,Create Questionnaire,High Medical History,High Insurance Check,Contact Hospital,Accept Claim,0,5.0,1,0,synthetic_data,randomForestClassifier
Register,High Insurance Check,Contact Hospital,Create Questionnaire,High Medical History,Accept Claim,0,5.0,1,1,synthetic_data,randomForestClassifier
Register,Low Medical History,Create Questionnaire,Contact Hospital,Accept Claim,Reject Claim,0,5.0,1,2,synthetic_data,randomForestClassifier
Register,Create Questionnaire,Contact Hospital,Receive Questionnaire Response,Create Questionnaire,0,Send Notification by Post,5.0,1,3,synthetic_data,randomForestClassifier
Register,Create Questionnaire,Low Medical History,Low Insurance Check,Accept Claim,0,0,5.0,1,4,synthetic_data,randomForestClassifier
Register,Create Questionnaire,Contact Hospital,High Insurance Check,High Medical History,Accept Claim,0,10.0,1,5,synthetic_data,randomForestClassifier
Register,Create Questionnaire,Contact Hospital,High Insurance Check,High Medical History,Accept Claim,Prepare Notification Content,10.0,1,6,synthetic_data,randomForestClassifier
Register,Create Questionnaire,Low Medical History,Create Questionnaire,High Medical History,Send Questionnaire,0,10.0,1,7,synthetic_data,randomForestClassifier
Register,Create Questionnaire,Contact Hospital,High Medical History,High Insurance Check,Accept Claim,0,10.0,1,8,synthetic_data,randomForestClassifier
Register,High Insurance Check,Send Questionnaire,Low Medical History,High Medical History,Reject Claim,0,10.0,1,9,synthetic_data,randomForestClassifier
Register,Create Questionnaire,Contact Hospital,High Insurance Check,High Medical History,Accept Claim,0,15.0,1,10,synthetic_data,randomForestClassifier
Register,Low Insurance Check,Low Insurance Check,High Insurance Check,High Medical History,Reject Claim,0,15.0,1,11,synthetic_data,randomForestClassifier
Register,Create Questionnaire,Contact Hospital,High Insurance Check,High Medical History,Accept Claim,Prepare Notification Content,15.0,1,12,synthetic_data,randomForestClassifier
Register,High Medical History,Contact Hospital,High Insurance Check,Accept Claim,Prepare Notification Content,0,15.0,1,13,synthetic_data,randomForestClassifier
Register,Low Medical History,Contact Hospital,High Insurance Check,High Medical History,Prepare Notification Content,Contact Hospital,15.0,1,14,synthetic_data,randomForestClassifier
Register,Create Questionnaire,Contact Hospital,High Insurance Check,High Medical History,Accept Claim,0,20.0,1,15,synthetic_data,randomForestClassifier
Register,Create Questionnaire,Contact Hospital,High Insurance Check,High Medical History,Accept Claim,Prepare Notification Content,20.0,1,16,synthetic_data,randomForestClassifier
Register,High Medical History,Contact Hospital,High Insurance Check,Accept Claim,Prepare Notification Content,0,20.0,1,17,synthetic_data,randomForestClassifier
Register,Create Questionnaire,High Medical History,High Insurance Check,Contact Hospital,Accept Claim,0,20.0,1,18,synthetic_data,randomForestClassifier
Register,High Medical History,Contact Hospital,High Insurance Check,Accept Claim,Create Questionnaire,0,20.0,1,19,synthetic_data,randomForestClassifier
Register,Low Insurance Check,Low Medical History,Accept Claim,Create Questionnaire,Prepare Notification Content,0,5.0,2,0,synthetic_data,randomForestClassifier
Register,Low Insurance Check,Low Medical History,Accept Claim,Create Questionnaire,0,0,5.0,2,1,synthetic_data,randomForestClassifier
Register,Low Insurance Check,Low Medical History,Accept Claim,Create Questionnaire,Send Questionnaire,0,5.0,2,2,synthetic_data,randomForestClassifier
Register,Create Questionnaire,Low Medical History,Low Insurance Check,Accept Claim,Prepare Notification Content,0,5.0,2,3,synthetic_data,randomForestClassifier
Register,Low Insurance Check,Low Medical History,Accept Claim,Prepare Notification Content,Send Notification by e-mail,0,5.0,2,4,synthetic_data,randomForestClassifier
Register,Low Insurance Check,Low Medical History,Accept Claim,Create Questionnaire,Prepare Notification Content,0,10.0,2,5,synthetic_data,randomForestClassifier
Register,Low Insurance Check,Low Medical History,Accept Claim,Create Questionnaire,0,0,10.0,2,6,synthetic_data,randomForestClassifier
Register,Low Insurance Check,Low Medical History,Contact Hospital,Create Questionnaire,Prepare Notification Content,Send Notification by Phone,10.0,2,7,synthetic_data,randomForestClassifier
Register,Low Insurance Check,Low Medical History,Accept Claim,Create Questionnaire,Send Questionnaire,0,10.0,2,8,synthetic_data,randomForestClassifier
Register,Low Insurance Check,High Medical History,Accept Claim,Create Questionnaire,Prepare Notification Content,0,10.0,2,9,synthetic_data,randomForestClassifier
Register,Low Insurance Check,Low Medical History,Accept Claim,Create Questionnaire,Prepare Notification Content,0,15.0,2,10,synthetic_data,randomForestClassifier
Register,Low Insurance Check,Low Medical History,Accept Claim,Create Questionnaire,0,0,15.0,2,11,synthetic_data,randomForestClassifier
Register,Low Insurance Check,Low Medical History,Accept Claim,Create Questionnaire,Send Questionnaire,0,15.0,2,12,synthetic_data,randomForestClassifier
Register,Low Insurance Check,Send Questionnaire,High Insurance Check,Create Questionnaire,Send Notification by e-mail,0,15.0,2,13,synthetic_data,randomForestClassifier
Register,Create Questionnaire,Low Medical History,Receive Questionnaire Response,Low Insurance Check,Prepare Notification Content,0,15.0,2,14,synthetic_data,randomForestClassifier
Register,Low Insurance Check,Low Medical History,Accept Claim,Create Questionnaire,Prepare Notification Content,0,20.0,2,15,synthetic_data,randomForestClassifier
Register,Low Insurance Check,Low Medical History,Accept Claim,Create Questionnaire,Send Questionnaire,0,20.0,2,16,synthetic_data,randomForestClassifier
Register,Low Insurance Check,Low Medical History,Accept Claim,Create Questionnaire,0,0,20.0,2,17,synthetic_data,randomForestClassifier
Register,Low Insurance Check,Low Medical History,Accept Claim,Prepare Notification Content,0,0,20.0,2,18,synthetic_data,randomForestClassifier
Register,Low Insurance Check,Low Medical History,Accept Claim,Prepare Notification Content,Send Notification by e-mail,0,20.0,2,19,synthetic_data,randomForestClassifier
Register,Create Questionnaire,Contact Hospital,High Medical History,High Insurance Check,Accept Claim,Prepare Notification Content,5.0,3,0,synthetic_data,randomForestClassifier
Register,Contact Hospital,Create Questionnaire,High Medical History,High Insurance Check,Accept Claim,Prepare Notification Content,5.0,3,1,synthetic_data,randomForestClassifier
Register,Create Questionnaire,High Medical History,Contact Hospital,High Insurance Check,Accept Claim,Prepare Notification Content,5.0,3,2,synthetic_data,randomForestClassifier
Register,High Insurance Check,Contact Hospital,High Medical History,Accept Claim,Create Questionnaire,Prepare Notification Content,5.0,3,3,synthetic_data,randomForestClassifier
Register,Create Questionnaire,Low Insurance Check,High Medical History,High Insurance Check,Send Questionnaire,0,5.0,3,4,synthetic_data,randomForestClassifier
Register,Create Questionnaire,Contact Hospital,High Medical History,High Insurance Check,Accept Claim,Prepare Notification Content,10.0,3,5,synthetic_data,randomForestClassifier
Register,Create Questionnaire,Contact Hospital,High Medical History,High Insurance Check,Accept Claim,0,10.0,3,6,synthetic_data,randomForestClassifier
Register,Create Questionnaire,Contact Hospital,Contact Hospital,Prepare Notification Content,Accept Claim,Prepare Notification Content,10.0,3,7,synthetic_data,randomForestClassifier
Register,High Insurance Check,Contact Hospital,High Medical History,Accept Claim,Create Questionnaire,Prepare Notification Content,10.0,3,8,synthetic_data,randomForestClassifier
Register,Contact Hospital,Create Questionnaire,High Medical History,High Insurance Check,Accept Claim,Prepare Notification Content,10.0,3,9,synthetic_data,randomForestClassifier
Register,Create Questionnaire,Contact Hospital,High Medical History,High Insurance Check,Accept Claim,Prepare Notification Content,15.0,3,10,synthetic_data,randomForestClassifier
Register,Create Questionnaire,Low Medical History,High Medical History,High Insurance Check,Prepare Notification Content,Prepare Notification Content,15.0,3,11,synthetic_data,randomForestClassifier
Register,Create Questionnaire,Contact Hospital,High Medical History,High Insurance Check,Accept Claim,0,15.0,3,12,synthetic_data,randomForestClassifier
Register,Contact Hospital,Create Questionnaire,High Medical History,High Insurance Check,Accept Claim,Prepare Notification Content,15.0,3,13,synthetic_data,randomForestClassifier
Register,Create Questionnaire,Contact Hospital,High Medical History,Accept Claim,Create Questionnaire,Send Notification by e-mail,15.0,3,14,synthetic_data,randomForestClassifier
Register,Create Questionnaire,Contact Hospital,High Medical History,High Insurance Check,Accept Claim,Prepare Notification Content,20.0,3,15,synthetic_data,randomForestClassifier
Register,Create Questionnaire,Contact Hospital,High Medical History,High Insurance Check,Accept Claim,0,20.0,3,16,synthetic_data,randomForestClassifier
Register,Create Questionnaire,High Medical History,Contact Hospital,High Insurance Check,Accept Claim,Prepare Notification Content,20.0,3,17,synthetic_data,randomForestClassifier
Register,Create Questionnaire,Contact Hospital,Low Insurance Check,Accept Claim,Send Notification by e-mail,Prepare Notification Content,20.0,3,18,synthetic_data,randomForestClassifier
Register,Create Questionnaire,Contact Hospital,Low Insurance Check,Accept Claim,Reject Claim,Send Notification by Phone,20.0,3,19,synthetic_data,randomForestClassifier
Register,High Medical History,High Insurance Check,Contact Hospital,Accept Claim,Prepare Notification Content,0,5.0,4,0,synthetic_data,randomForestClassifier
Register,High Medical History,High Insurance Check,Contact Hospital,Accept Claim,Create Questionnaire,Prepare Notification Content,5.0,4,1,synthetic_data,randomForestClassifier
Register,High Medical History,Low Insurance Check,Contact Hospital,Accept Claim,Accept Claim,Send Notification by Post,5.0,4,2,synthetic_data,randomForestClassifier
Register,High Insurance Check,Contact Hospital,High Medical History,Accept Claim,Prepare Notification Content,Send Notification by Post,5.0,4,3,synthetic_data,randomForestClassifier
Register,Create Questionnaire,High Insurance Check,Contact Hospital,High Medical History,Accept Claim,Prepare Notification Content,5.0,4,4,synthetic_data,randomForestClassifier
Register,High Medical History,High Insurance Check,Contact Hospital,Accept Claim,Prepare Notification Content,0,10.0,4,5,synthetic_data,randomForestClassifier
Register,High Medical History,High Insurance Check,Contact Hospital,Accept Claim,Prepare Notification Content,Send Notification by Phone,10.0,4,6,synthetic_data,randomForestClassifier
Register,High Medical History,High Insurance Check,Contact Hospital,Accept Claim,Contact Hospital,Send Notification by Post,10.0,4,7,synthetic_data,randomForestClassifier
Register,High Medical History,Send Questionnaire,Contact Hospital,High Medical History,Prepare Notification Content,Send Notification by Post,10.0,4,8,synthetic_data,randomForestClassifier
Register,High Medical History,High Insurance Check,Contact Hospital,Accept Claim,Prepare Notification Content,Create Questionnaire,10.0,4,9,synthetic_data,randomForestClassifier
Register,High Medical History,High Insurance Check,Contact Hospital,Accept Claim,Prepare Notification Content,0,15.0,4,10,synthetic_data,randomForestClassifier
Register,High Medical History,High Insurance Check,Contact Hospital,Accept Claim,Prepare Notification Content,Create Questionnaire,15.0,4,11,synthetic_data,randomForestClassifier
Register,High Medical History,High Insurance Check,Contact Hospital,Accept Claim,Prepare Notification Content,Send Notification by Phone,15.0,4,12,synthetic_data,randomForestClassifier
Register,High Medical History,High Insurance Check,Accept Claim,Accept Claim,Accept Claim,Send Notification by Post,15.0,4,13,synthetic_data,randomForestClassifier
Register,High Medical History,High Insurance Check,Contact Hospital,Accept Claim,Create Questionnaire,Prepare Notification Content,15.0,4,14,synthetic_data,randomForestClassifier
Register,High Medical History,High Insurance Check,Contact Hospital,Accept Claim,Prepare Notification Content,Create Questionnaire,20.0,4,15,synthetic_data,randomForestClassifier
Register,High Medical History,High Insurance Check,Contact Hospital,Accept Claim,Prepare Notification Content,Send Notification by e-mail,20.0,4,16,synthetic_data,randomForestClassifier
Register,High Medical History,High Insurance Check,Contact Hospital,Accept Claim,Send Questionnaire,Send Notification by Post,20.0,4,17,synthetic_data,randomForestClassifier
Register,High Medical History,High Insurance Check,Contact Hospital,Accept Claim,Prepare Notification Content,0,20.0,4,18,synthetic_data,randomForestClassifier
Register,High Medical History,High Insurance Check,Contact Hospital,Accept Claim,Prepare Notification Content,Send Notification by Phone,20.0,4,19,synthetic_data,randomForestClassifier
Register,Low Medical History,Low Insurance Check,Accept Claim,Prepare Notification Content,Create Questionnaire,0,5.0,5,0,synthetic_data,randomForestClassifier
Register,Low Medical History,Low Insurance Check,Accept Claim,Prepare Notification Content,0,0,5.0,5,1,synthetic_data,randomForestClassifier
Register,Low Medical History,Low Insurance Check,High Insurance Check,Prepare Notification Content,Create Questionnaire,Create Questionnaire,5.0,5,2,synthetic_data,randomForestClassifier
Register,Low Medical History,Low Insurance Check,Accept Claim,Prepare Notification Content,Send Notification by Phone,0,5.0,5,3,synthetic_data,randomForestClassifier
Register,Low Insurance Check,Low Medical History,Accept Claim,Prepare Notification Content,Create Questionnaire,0,5.0,5,4,synthetic_data,randomForestClassifier
Register,Low Medical History,Low Insurance Check,Accept Claim,Prepare Notification Content,Create Questionnaire,0,10.0,5,5,synthetic_data,randomForestClassifier
Register,Low Medical History,Low Insurance Check,Accept Claim,Prepare Notification Content,0,0,10.0,5,6,synthetic_data,randomForestClassifier
Register,Low Medical History,Low Insurance Check,Accept Claim,Prepare Notification Content,Send Notification by Phone,0,10.0,5,7,synthetic_data,randomForestClassifier
Register,Low Medical History,Low Insurance Check,Accept Claim,Prepare Notification Content,Send Notification by e-mail,0,10.0,5,8,synthetic_data,randomForestClassifier
Register,Low Insurance Check,Low Insurance Check,High Insurance Check,Prepare Notification Content,Accept Claim,0,10.0,5,9,synthetic_data,randomForestClassifier
Register,Low Medical History,Low Insurance Check,Accept Claim,Prepare Notification Content,Create Questionnaire,0,15.0,5,10,synthetic_data,randomForestClassifier
Register,Low Medical History,Low Insurance Check,Accept Claim,Prepare Notification Content,0,0,15.0,5,11,synthetic_data,randomForestClassifier
Register,Low Medical History,Low Insurance Check,Accept Claim,Prepare Notification Content,Send Notification by Phone,0,15.0,5,12,synthetic_data,randomForestClassifier
Register,Low Medical History,Low Insurance Check,Accept Claim,Prepare Notification Content,Send Notification by e-mail,0,15.0,5,13,synthetic_data,randomForestClassifier
Register,Low Medical History,Low Insurance Check,Accept Claim,Create Questionnaire,0,0,15.0,5,14,synthetic_data,randomForestClassifier
Register,Low Medical History,Low Insurance Check,Accept Claim,Prepare Notification Content,Create Questionnaire,0,20.0,5,15,synthetic_data,randomForestClassifier
Register,Low Medical History,Low Insurance Check,Accept Claim,Prepare Notification Content,0,0,20.0,5,16,synthetic_data,randomForestClassifier
Register,Low Medical History,Low Insurance Check,Accept Claim,Prepare Notification Content,Send Notification by Phone,0,20.0,5,17,synthetic_data,randomForestClassifier
Register,Low Medical History,Low Insurance Check,Accept Claim,Prepare Notification Content,Send Notification by e-mail,0,20.0,5,18,synthetic_data,randomForestClassifier
Register,Low Insurance Check,Low Medical History,Accept Claim,Prepare Notification Content,Create Questionnaire,0,20.0,5,19,synthetic_data,randomForestClassifier
Register,Create Questionnaire,Low Insurance Check,Low Medical History,Accept Claim,Prepare Notification Content,0,5.0,6,0,synthetic_data,randomForestClassifier
Register,Create Questionnaire,Low Insurance Check,Low Medical History,Accept Claim,0,0,5.0,6,1,synthetic_data,randomForestClassifier
Register,Low Medical History,Low Insurance Check,Accept Claim,Create Questionnaire,Prepare Notification Content,0,5.0,6,2,synthetic_data,randomForestClassifier
Register,Low Insurance Check,Create Questionnaire,Low Medical History,Accept Claim,Prepare Notification Content,0,5.0,6,3,synthetic_data,randomForestClassifier
Register,Create Questionnaire,Low Medical History,Low Insurance Check,Accept Claim,Prepare Notification Content,0,5.0,6,4,synthetic_data,randomForestClassifier
Register,Create Questionnaire,Low Insurance Check,Low Medical History,Accept Claim,Prepare Notification Content,0,10.0,6,5,synthetic_data,randomForestClassifier
Register,Create Questionnaire,Low Insurance Check,Low Medical History,Accept Claim,0,0,10.0,6,6,synthetic_data,randomForestClassifier
Register,Low Medical History,Low Insurance Check,Accept Claim,Create Questionnaire,Prepare Notification Content,0,10.0,6,7,synthetic_data,randomForestClassifier
Register,Low Insurance Check,Create Questionnaire,Low Medical History,Accept Claim,Prepare Notification Content,0,10.0,6,8,synthetic_data,randomForestClassifier
Register,Contact Hospital,Send Questionnaire,Low Medical History,Accept Claim,Prepare Notification Content,0,10.0,6,9,synthetic_data,randomForestClassifier
Register,Create Questionnaire,Low Insurance Check,Low Medical History,Accept Claim,Prepare Notification Content,0,15.0,6,10,synthetic_data,randomForestClassifier
Register,Create Questionnaire,Low Insurance Check,Low Medical History,Accept Claim,0,0,15.0,6,11,synthetic_data,randomForestClassifier
Register,Create Questionnaire,Low Insurance Check,Low Insurance Check,Accept Claim,Prepare Notification Content,0,15.0,6,12,synthetic_data,randomForestClassifier
Register,Create Questionnaire,Low Insurance Check,Accept Claim,Contact Hospital,Send Notification by Phone,0,15.0,6,13,synthetic_data,randomForestClassifier
Register,Create Questionnaire,Low Insurance Check,High Insurance Check,High Insurance Check,Prepare Notification Content,Send Notification by Phone,15.0,6,14,synthetic_data,randomForestClassifier
Register,Create Questionnaire,Low Insurance Check,Low Medical History,Accept Claim,Prepare Notification Content,0,20.0,6,15,synthetic_data,randomForestClassifier
Register,Create Questionnaire,Low Insurance Check,Low Medical History,Accept Claim,0,0,20.0,6,16,synthetic_data,randomForestClassifier
Register,Contact Hospital,Low Insurance Check,Create Questionnaire,High Medical History,Prepare Notification Content,0,20.0,6,17,synthetic_data,randomForestClassifier
Register,Create Questionnaire,Low Insurance Check,Reject Claim,Accept Claim,Prepare Notification Content,Send Questionnaire,20.0,6,18,synthetic_data,randomForestClassifier
Register,Contact Hospital,Low Insurance Check,Create Questionnaire,Prepare Notification Content,Prepare Notification Content,0,20.0,6,19,synthetic_data,randomForestClassifier
Register,Low Medical History,Create Questionnaire,Low Insurance Check,Accept Claim,Prepare Notification Content,0,5.0,7,0,synthetic_data,randomForestClassifier
Register,Low Medical History,Create Questionnaire,Low Insurance Check,Accept Claim,0,0,5.0,7,1,synthetic_data,randomForestClassifier
Register,Create Questionnaire,Low Medical History,Low Insurance Check,Accept Claim,Prepare Notification Content,0,5.0,7,2,synthetic_data,randomForestClassifier
Register,Low Medical History,Create Questionnaire,Low Insurance Check,Low Insurance Check,0,Contact Hospital,5.0,7,3,synthetic_data,randomForestClassifier
Register,Low Insurance Check,Create Questionnaire,Low Medical History,Accept Claim,Prepare Notification Content,0,5.0,7,4,synthetic_data,randomForestClassifier
Register,Low Medical History,Create Questionnaire,Low Insurance Check,Accept Claim,Prepare Notification Content,0,10.0,7,5,synthetic_data,randomForestClassifier
Register,Low Medical History,Create Questionnaire,Low Insurance Check,Accept Claim,Send Questionnaire,0,10.0,7,6,synthetic_data,randomForestClassifier
Register,Create Questionnaire,Low Medical History,Low Insurance Check,Accept Claim,Prepare Notification Content,0,10.0,7,7,synthetic_data,randomForestClassifier
Register,Low Medical History,Create Questionnaire,Contact Hospital,Accept Claim,Send Notification by e-mail,0,10.0,7,8,synthetic_data,randomForestClassifier
Register,Low Medical History,Create Questionnaire,Contact Hospital,Accept Claim,Prepare Notification Content,Reject Claim,10.0,7,9,synthetic_data,randomForestClassifier
Register,Low Medical History,Create Questionnaire,Low Insurance Check,Accept Claim,Prepare Notification Content,0,15.0,7,10,synthetic_data,randomForestClassifier
Register,Low Medical History,Create Questionnaire,Low Insurance Check,Accept Claim,Send Questionnaire,0,15.0,7,11,synthetic_data,randomForestClassifier
Register,Low Medical History,High Medical History,Contact Hospital,High Medical History,Prepare Notification Content,0,15.0,7,12,synthetic_data,randomForestClassifier
Register,High Insurance Check,Send Questionnaire,Low Insurance Check,Accept Claim,Prepare Notification Content,0,15.0,7,13,synthetic_data,randomForestClassifier
Register,Low Insurance Check,Create Questionnaire,Low Insurance Check,Accept Claim,Accept Claim,0,15.0,7,14,synthetic_data,randomForestClassifier
Register,Low Medical History,Create Questionnaire,Low Insurance Check,Accept Claim,Prepare Notification Content,0,20.0,7,15,synthetic_data,randomForestClassifier
Register,Low Medical History,Low Insurance Check,Low Insurance Check,Prepare Notification Content,Prepare Notification Content,0,20.0,7,16,synthetic_data,randomForestClassifier
Register,Low Medical History,Create Questionnaire,Low Insurance Check,Contact Hospital,Contact Hospital,0,20.0,7,17,synthetic_data,randomForestClassifier
Register,Low Medical History,Create Questionnaire,Low Insurance Check,Accept Claim,Send Questionnaire,0,20.0,7,18,synthetic_data,randomForestClassifier
Register,Low Medical History,Create Questionnaire,Low Insurance Check,Accept Claim,0,0,20.0,7,19,synthetic_data,randomForestClassifier
Register,High Insurance Check,High Medical History,Reject Claim,High Medical History,0,Send Notification by Phone,5.0,8,0,synthetic_data,randomForestClassifier
Register,High Insurance Check,High Medical History,Contact Hospital,Accept Claim,Create Questionnaire,Prepare Notification Content,5.0,8,1,synthetic_data,randomForestClassifier
Register,Contact Hospital,High Medical History,High Insurance Check,Accept Claim,Prepare Notification Content,Send Notification by Phone,5.0,8,2,synthetic_data,randomForestClassifier
Register,Low Insurance Check,High Medical History,Accept Claim,Low Medical History,Accept Claim,Send Notification by Phone,5.0,8,3,synthetic_data,randomForestClassifier
Register,High Insurance Check,Low Medical History,Contact Hospital,High Insurance Check,High Medical History,Send Notification by Post,5.0,8,4,synthetic_data,randomForestClassifier
Register,High Insurance Check,High Medical History,Contact Hospital,Accept Claim,Prepare Notification Content,Send Notification by e-mail,10.0,8,5,synthetic_data,randomForestClassifier
Register,High Insurance Check,High Medical History,Contact Hospital,Accept Claim,Prepare Notification Content,Create Questionnaire,10.0,8,6,synthetic_data,randomForestClassifier
Register,High Medical History,High Insurance Check,Contact Hospital,Accept Claim,Prepare Notification Content,Send Notification by Phone,10.0,8,7,synthetic_data,randomForestClassifier
Register,High Insurance Check,High Medical History,Contact Hospital,Accept Claim,Create Questionnaire,0,10.0,8,8,synthetic_data,randomForestClassifier
Register,Contact Hospital,High Medical History,High Insurance Check,Accept Claim,Prepare Notification Content,Send Notification by Phone,10.0,8,9,synthetic_data,randomForestClassifier
Register,High Insurance Check,High Medical History,Contact Hospital,Accept Claim,Prepare Notification Content,Create Questionnaire,15.0,8,10,synthetic_data,randomForestClassifier
Register,High Insurance Check,High Medical History,Contact Hospital,High Medical History,0,Send Notification by Phone,15.0,8,11,synthetic_data,randomForestClassifier
Register,High Insurance Check,High Medical History,Contact Hospital,Accept Claim,Prepare Notification Content,Send Notification by e-mail,15.0,8,12,synthetic_data,randomForestClassifier
Register,High Medical History,High Medical History,Low Medical History,Accept Claim,Prepare Notification Content,Send Notification by Phone,15.0,8,13,synthetic_data,randomForestClassifier
Register,High Insurance Check,High Medical History,Contact Hospital,Accept Claim,Create Questionnaire,Prepare Notification Content,15.0,8,14,synthetic_data,randomForestClassifier
Register,High Insurance Check,High Medical History,Contact Hospital,Accept Claim,Prepare Notification Content,Create Questionnaire,20.0,8,15,synthetic_data,randomForestClassifier
Register,High Insurance Check,High Medical History,Contact Hospital,Contact Hospital,0,Send Notification by Phone,20.0,8,16,synthetic_data,randomForestClassifier
Register,High Insurance Check,High Medical History,Contact Hospital,Accept Claim,Prepare Notification Content,Send Notification by e-mail,20.0,8,17,synthetic_data,randomForestClassifier
Register,Contact Hospital,High Medical History,High Insurance Check,Accept Claim,Prepare Notification Content,Send Notification by Phone,20.0,8,18,synthetic_data,randomForestClassifier
Register,High Insurance Check,High Medical History,Low Insurance Check,Accept Claim,Prepare Notification Content,Contact Hospital,20.0,8,19,synthetic_data,randomForestClassifier
Register,Contact Hospital,High Medical History,High Insurance Check,Accept Claim,Prepare Notification Content,0,5.0,9,0,synthetic_data,randomForestClassifier
Register,Contact Hospital,High Medical History,High Insurance Check,Accept Claim,Prepare Notification Content,Send Notification by Phone,5.0,9,1,synthetic_data,randomForestClassifier
Register,Contact Hospital,High Medical History,High Insurance Check,Accept Claim,Create Questionnaire,0,5.0,9,2,synthetic_data,randomForestClassifier
Register,Contact Hospital,High Medical History,High Insurance Check,Accept Claim,Create Questionnaire,Prepare Notification Content,5.0,9,3,synthetic_data,randomForestClassifier
Register,High Medical History,Contact Hospital,High Insurance Check,Accept Claim,Prepare Notification Content,Send Notification by Phone,5.0,9,4,synthetic_data,randomForestClassifier
Register,Contact Hospital,High Medical History,High Insurance Check,Accept Claim,Prepare Notification Content,0,10.0,9,5,synthetic_data,randomForestClassifier
Register,Contact Hospital,Low Insurance Check,High Insurance Check,Low Medical History,Prepare Notification Content,Send Notification by Post,10.0,9,6,synthetic_data,randomForestClassifier
Register,Contact Hospital,High Medical History,High Insurance Check,Accept Claim,Prepare Notification Content,Send Notification by Phone,10.0,9,7,synthetic_data,randomForestClassifier
Register,Contact Hospital,High Medical History,Accept Claim,Prepare Notification Content,Prepare Notification Content,Send Notification by e-mail,10.0,9,8,synthetic_data,randomForestClassifier
Register,Contact Hospital,High Medical History,High Insurance Check,Accept Claim,Create Questionnaire,0,10.0,9,9,synthetic_data,randomForestClassifier
Register,Contact Hospital,High Medical History,High Insurance Check,Accept Claim,Prepare Notification Content,Send Notification by Phone,15.0,9,10,synthetic_data,randomForestClassifier
Register,Contact Hospital,High Medical History,High Insurance Check,Accept Claim,Prepare Notification Content,0,15.0,9,11,synthetic_data,randomForestClassifier
Register,Low Insurance Check,High Medical History,High Insurance Check,Create Questionnaire,Prepare Notification Content,Contact Hospital,15.0,9,12,synthetic_data,randomForestClassifier
Register,Low Insurance Check,High Medical History,High Insurance Check,Create Questionnaire,Prepare Notification Content,Reject Claim,15.0,9,13,synthetic_data,randomForestClassifier
Register,Contact Hospital,Low Insurance Check,High Insurance Check,Low Medical History,Prepare Notification Content,Send Questionnaire,15.0,9,14,synthetic_data,randomForestClassifier
Register,Contact Hospital,High Medical History,High Insurance Check,Accept Claim,Prepare Notification Content,Send Notification by Post,20.0,9,15,synthetic_data,randomForestClassifier
Register,Contact Hospital,High Medical History,High Insurance Check,Accept Claim,Prepare Notification Content,Send Notification by e-mail,20.0,9,16,synthetic_data,randomForestClassifier
Register,Contact Hospital,High Medical History,High Insurance Check,Accept Claim,Prepare Notification Content,Send Notification by Phone,20.0,9,17,synthetic_data,randomForestClassifier
Register,Contact Hospital,High Medical History,High Insurance Check,Accept Claim,Prepare Notification Content,0,20.0,9,18,synthetic_data,randomForestClassifier
Register,Contact Hospital,Send Questionnaire,High Insurance Check,Prepare Notification Content,Prepare Notification Content,Send Notification by e-mail,20.0,9,19,synthetic_data,randomForestClassifier
Register,High Medical History,Contact Hospital,High Insurance Check,Accept Claim,Prepare Notification Content,Send Notification by Phone,5.0,10,0,synthetic_data,randomForestClassifier
Register,High Medical History,Contact Hospital,High Insurance Check,Accept Claim,Prepare Notification Content,Create Questionnaire,5.0,10,1,synthetic_data,randomForestClassifier
Register,Contact Hospital,Contact Hospital,Create Questionnaire,High Insurance Check,0,Send Questionnaire,5.0,10,2,synthetic_data,randomForestClassifier
Register,Contact Hospital,Send Questionnaire,High Insurance Check,High Insurance Check,High Medical History,Send Questionnaire,5.0,10,3,synthetic_data,randomForestClassifier
Register,High Medical History,High Medical History,High Insurance Check,High Insurance Check,Contact Hospital,0,5.0,10,4,synthetic_data,randomForestClassifier
Register,High Medical History,Contact Hospital,High Insurance Check,Accept Claim,Create Questionnaire,Prepare Notification Content,10.0,10,5,synthetic_data,randomForestClassifier
Register,High Medical History,Low Insurance Check,Low Medical History,Contact Hospital,Create Questionnaire,Send Questionnaire,10.0,10,6,synthetic_data,randomForestClassifier
Register,High Medical History,Contact Hospital,High Insurance Check,Accept Claim,Prepare Notification Content,0,10.0,10,7,synthetic_data,randomForestClassifier
Register,High Medical History,Create Questionnaire,High Insurance Check,Accept Claim,Create Questionnaire,Prepare Notification Content,10.0,10,8,synthetic_data,randomForestClassifier
Register,High Medical History,Contact Hospital,High Insurance Check,Accept Claim,Prepare Notification Content,Send Notification by Post,10.0,10,9,synthetic_data,randomForestClassifier
Register,High Medical History,Contact Hospital,High Insurance Check,Accept Claim,Create Questionnaire,0,15.0,10,10,synthetic_data,randomForestClassifier
Register,High Medical History,Contact Hospital,High Insurance Check,Accept Claim,Create Questionnaire,Prepare Notification Content,15.0,10,11,synthetic_data,randomForestClassifier
Register,High Medical History,Send Questionnaire,High Insurance Check,Prepare Notification Content,Create Questionnaire,Prepare Notification Content,15.0,10,12,synthetic_data,randomForestClassifier
Register,High Medical History,Low Insurance Check,Receive Questionnaire Response,Low Insurance Check,Create Questionnaire,Send Questionnaire,15.0,10,13,synthetic_data,randomForestClassifier
Register,High Medical History,Low Insurance Check,High Insurance Check,High Insurance Check,0,Send Questionnaire,15.0,10,14,synthetic_data,randomForestClassifier
Register,High Medical History,Contact Hospital,High Insurance Check,Accept Claim,Create Questionnaire,Prepare Notification Content,20.0,10,15,synthetic_data,randomForestClassifier
Register,High Medical History,Contact Hospital,High Insurance Check,Accept Claim,Create Questionnaire,0,20.0,10,16,synthetic_data,randomForestClassifier
Register,High Medical History,Contact Hospital,High Insurance Check,Accept Claim,Prepare Notification Content,0,20.0,10,17,synthetic_data,randomForestClassifier
Register,High Medical History,Contact Hospital,High Insurance Check,Accept Claim,Prepare Notification Content,Create Questionnaire,20.0,10,18,synthetic_data,randomForestClassifier
Register,Low Medical History,Contact Hospital,Low Insurance Check,Contact Hospital,Create Questionnaire,Send Questionnaire,20.0,10,19,synthetic_data,randomForestClassifier
Register,High Insurance Check,High Medical History,Contact Hospital,Accept Claim,Create Questionnaire,Prepare Notification Content,5.0,11,0,synthetic_data,randomForestClassifier
Register,High Insurance Check,High Medical History,High Insurance Check,Low Insurance Check,0,0,5.0,11,1,synthetic_data,randomForestClassifier
Register,High Insurance Check,High Medical History,Contact Hospital,Low Insurance Check,Contact Hospital,Send Notification by Phone,5.0,11,2,synthetic_data,randomForestClassifier
Register,Contact Hospital,High Medical History,High Insurance Check,Accept Claim,Create Questionnaire,0,5.0,11,3,synthetic_data,randomForestClassifier
Register,High Insurance Check,High Medical History,Low Insurance Check,Low Insurance Check,Accept Claim,0,5.0,11,4,synthetic_data,randomForestClassifier
Register,High Insurance Check,High Medical History,Contact Hospital,Accept Claim,Create Questionnaire,0,10.0,11,5,synthetic_data,randomForestClassifier
Register,Low Insurance Check,High Medical History,Contact Hospital,Contact Hospital,Create Questionnaire,0,10.0,11,6,synthetic_data,randomForestClassifier
Register,Low Medical History,High Medical History,Contact Hospital,Low Medical History,Prepare Notification Content,0,10.0,11,7,synthetic_data,randomForestClassifier
Register,High Insurance Check,Low Insurance Check,Contact Hospital,High Insurance Check,High Medical History,0,10.0,11,8,synthetic_data,randomForestClassifier
Register,High Insurance Check,Contact Hospital,Contact Hospital,Accept Claim,Create Questionnaire,Prepare Notification Content,10.0,11,9,synthetic_data,randomForestClassifier
Register,High Insurance Check,High Medical History,Contact Hospital,Accept Claim,Create Questionnaire,0,15.0,11,10,synthetic_data,randomForestClassifier
Register,High Insurance Check,High Medical History,High Insurance Check,High Insurance Check,Create Questionnaire,0,15.0,11,11,synthetic_data,randomForestClassifier
Register,High Insurance Check,High Medical History,Contact Hospital,Accept Claim,Create Questionnaire,Prepare Notification Content,15.0,11,12,synthetic_data,randomForestClassifier
Register,Create Questionnaire,High Medical History,Contact Hospital,High Insurance Check,Accept Claim,0,15.0,11,13,synthetic_data,randomForestClassifier
Register,Low Insurance Check,High Medical History,Contact Hospital,Accept Claim,Create Questionnaire,Contact Hospital,15.0,11,14,synthetic_data,randomForestClassifier
Register,High Insurance Check,High Medical History,Contact Hospital,Accept Claim,Create Questionnaire,0,20.0,11,15,synthetic_data,randomForestClassifier
Register,High Insurance Check,High Medical History,Contact Hospital,Contact Hospital,Accept Claim,0,20.0,11,16,synthetic_data,randomForestClassifier
Register,High Insurance Check,High Medical History,Contact Hospital,Accept Claim,Send Questionnaire,0,20.0,11,17,synthetic_data,randomForestClassifier
Register,Low Insurance Check,High Medical History,Contact Hospital,High Insurance Check,Create Questionnaire,0,20.0,11,18,synthetic_data,randomForestClassifier
Register,High Insurance Check,High Medical History,Contact Hospital,Accept Claim,Create Questionnaire,Prepare Notification Content,20.0,11,19,synthetic_data,randomForestClassifier
Register,Contact Hospital,High Insurance Check,High Medical History,Accept Claim,Create Questionnaire,Prepare Notification Content,5.0,12,0,synthetic_data,randomForestClassifier
Register,Contact Hospital,High Insurance Check,High Medical History,Accept Claim,Prepare Notification Content,Create Questionnaire,5.0,12,1,synthetic_data,randomForestClassifier
Register,Create Questionnaire,High Insurance Check,High Medical History,Contact Hospital,Accept Claim,0,5.0,12,2,synthetic_data,randomForestClassifier
Register,Contact Hospital,High Medical History,High Insurance Check,Accept Claim,Create Questionnaire,0,5.0,12,3,synthetic_data,randomForestClassifier
Register,Low Medical History,Low Insurance Check,High Medical History,Accept Claim,Create Questionnaire,0,5.0,12,4,synthetic_data,randomForestClassifier
Register,Contact Hospital,High Insurance Check,High Medical History,Accept Claim,Create Questionnaire,Prepare Notification Content,10.0,12,5,synthetic_data,randomForestClassifier
Register,Contact Hospital,High Insurance Check,High Medical History,Accept Claim,High Medical History,Send Notification by Phone,10.0,12,6,synthetic_data,randomForestClassifier
Register,Contact Hospital,High Insurance Check,High Medical History,Low Insurance Check,Accept Claim,Send Notification by Post,10.0,12,7,synthetic_data,randomForestClassifier
Register,Contact Hospital,High Insurance Check,High Medical History,Low Insurance Check,Accept Claim,Prepare Notification Content,10.0,12,8,synthetic_data,randomForestClassifier
Register,Contact Hospital,High Insurance Check,High Medical History,Accept Claim,Prepare Notification Content,Send Notification by Phone,10.0,12,9,synthetic_data,randomForestClassifier
Register,Contact Hospital,High Insurance Check,High Medical History,Accept Claim,Create Questionnaire,Prepare Notification Content,15.0,12,10,synthetic_data,randomForestClassifier
Register,Contact Hospital,Low Medical History,High Medical History,Low Insurance Check,Prepare Notification Content,0,15.0,12,11,synthetic_data,randomForestClassifier
Register,Contact Hospital,High Insurance Check,High Medical History,Accept Claim,Prepare Notification Content,Create Questionnaire,15.0,12,12,synthetic_data,randomForestClassifier
Register,Contact Hospital,High Insurance Check,High Medical History,Accept Claim,Prepare Notification Content,Send Notification by Phone,15.0,12,13,synthetic_data,randomForestClassifier
Register,Contact Hospital,Create Questionnaire,Low Medical History,Create Questionnaire,Create Questionnaire,0,15.0,12,14,synthetic_data,randomForestClassifier
Register,Contact Hospital,High Insurance Check,High Medical History,Accept Claim,Create Questionnaire,0,20.0,12,15,synthetic_data,randomForestClassifier
Register,Contact Hospital,High Insurance Check,High Medical History,Accept Claim,Create Questionnaire,Prepare Notification Content,20.0,12,16,synthetic_data,randomForestClassifier
Register,Contact Hospital,Send Questionnaire,High Medical History,Low Insurance Check,Send Notification by Phone,0,20.0,12,17,synthetic_data,randomForestClassifier
Register,Contact Hospital,High Medical History,High Insurance Check,Accept Claim,Create Questionnaire,0,20.0,12,18,synthetic_data,randomForestClassifier
Register,Contact Hospital,Send Questionnaire,High Insurance Check,Accept Claim,Create Questionnaire,0,20.0,12,19,synthetic_data,randomForestClassifier
Register,Create Questionnaire,High Insurance Check,Contact Hospital,High Medical History,Accept Claim,Prepare Notification Content,5.0,13,0,synthetic_data,randomForestClassifier
Register,High Medical History,High Insurance Check,Contact Hospital,Accept Claim,Create Questionnaire,Prepare Notification Content,5.0,13,1,synthetic_data,randomForestClassifier
Register,Create Questionnaire,Contact Hospital,Contact Hospital,High Medical History,Contact Hospital,Create Questionnaire,5.0,13,2,synthetic_data,randomForestClassifier
Register,Create Questionnaire,High Medical History,Contact Hospital,High Insurance Check,Accept Claim,Prepare Notification Content,5.0,13,3,synthetic_data,randomForestClassifier
Register,Create Questionnaire,High Insurance Check,High Medical History,Contact Hospital,Accept Claim,Prepare Notification Content,5.0,13,4,synthetic_data,randomForestClassifier
Register,Create Questionnaire,High Insurance Check,Contact Hospital,High Medical History,Accept Claim,Prepare Notification Content,10.0,13,5,synthetic_data,randomForestClassifier
Register,Create Questionnaire,High Insurance Check,Contact Hospital,High Medical History,Accept Claim,0,10.0,13,6,synthetic_data,randomForestClassifier
Register,Create Questionnaire,High Insurance Check,Contact Hospital,Create Questionnaire,0,Send Questionnaire,10.0,13,7,synthetic_data,randomForestClassifier
Register,Contact Hospital,High Insurance Check,Contact Hospital,Low Medical History,Accept Claim,Prepare Notification Content,10.0,13,8,synthetic_data,randomForestClassifier
Register,Create Questionnaire,High Insurance Check,High Medical History,Contact Hospital,Accept Claim,Prepare Notification Content,10.0,13,9,synthetic_data,randomForestClassifier
Register,Create Questionnaire,High Insurance Check,Contact Hospital,High Medical History,Accept Claim,Prepare Notification Content,15.0,13,10,synthetic_data,randomForestClassifier
Register,Create Questionnaire,High Insurance Check,Contact Hospital,High Medical History,Accept Claim,Send Questionnaire,15.0,13,11,synthetic_data,randomForestClassifier
Register,Create Questionnaire,High Insurance Check,Contact Hospital,High Medical History,0,Contact Hospital,15.0,13,12,synthetic_data,randomForestClassifier
Register,Create Questionnaire,High Insurance Check,Contact Hospital,High Medical History,Accept Claim,0,15.0,13,13,synthetic_data,randomForestClassifier
Register,Create Questionnaire,Low Medical History,Receive Questionnaire Response,High Medical History,High Medical History,Prepare Notification Content,15.0,13,14,synthetic_data,randomForestClassifier
Register,Create Questionnaire,High Insurance Check,Contact Hospital,High Medical History,Accept Claim,Prepare Notification Content,20.0,13,15,synthetic_data,randomForestClassifier
Register,Create Questionnaire,High Insurance Check,Contact Hospital,High Medical History,Accept Claim,Send Questionnaire,20.0,13,16,synthetic_data,randomForestClassifier
Register,Create Questionnaire,High Insurance Check,Contact Hospital,High Medical History,Accept Claim,0,20.0,13,17,synthetic_data,randomForestClassifier
Register,Create Questionnaire,High Insurance Check,Contact Hospital,High Medical History,0,Send Notification by Phone,20.0,13,18,synthetic_data,randomForestClassifier
Register,Create Questionnaire,Send Questionnaire,Contact Hospital,Prepare Notification Content,High Medical History,Prepare Notification Content,20.0,13,19,synthetic_data,randomForestClassifier
Register,High Insurance Check,Contact Hospital,High Medical History,Accept Claim,Prepare Notification Content,Send Notification by Post,5.0,14,0,synthetic_data,randomForestClassifier
Register,High Insurance Check,High Insurance Check,High Medical History,Accept Claim,Send Notification by e-mail,Create Questionnaire,5.0,14,1,synthetic_data,randomForestClassifier
Register,High Insurance Check,Contact Hospital,High Medical History,Accept Claim,Create Questionnaire,Prepare Notification Content,5.0,14,2,synthetic_data,randomForestClassifier
Register,Contact Hospital,High Insurance Check,High Medical History,Accept Claim,Prepare Notification Content,Create Questionnaire,5.0,14,3,synthetic_data,randomForestClassifier
Register,High Insurance Check,Low Insurance Check,High Medical History,High Insurance Check,0,Create Questionnaire,5.0,14,4,synthetic_data,randomForestClassifier
Register,High Insurance Check,Contact Hospital,High Medical History,Accept Claim,Prepare Notification Content,Create Questionnaire,10.0,14,5,synthetic_data,randomForestClassifier
Register,High Insurance Check,Contact Hospital,High Medical History,Accept Claim,Prepare Notification Content,Send Notification by Post,10.0,14,6,synthetic_data,randomForestClassifier
Register,High Insurance Check,Contact Hospital,High Medical History,Accept Claim,Prepare Notification Content,0,10.0,14,7,synthetic_data,randomForestClassifier
Register,High Insurance Check,Contact Hospital,High Medical History,Accept Claim,Prepare Notification Content,Prepare Notification Content,10.0,14,8,synthetic_data,randomForestClassifier
Register,High Insurance Check,Send Questionnaire,High Medical History,Prepare Notification Content,Prepare Notification Content,Create Questionnaire,10.0,14,9,synthetic_data,randomForestClassifier
Register,High Insurance Check,Contact Hospital,High Medical History,Accept Claim,Prepare Notification Content,Create Questionnaire,15.0,14,10,synthetic_data,randomForestClassifier
Register,High Insurance Check,Contact Hospital,High Medical History,Accept Claim,Prepare Notification Content,Send Notification by e-mail,15.0,14,11,synthetic_data,randomForestClassifier
Register,High Insurance Check,Contact Hospital,High Medical History,Accept Claim,Prepare Notification Content,Send Notification by Post,15.0,14,12,synthetic_data,randomForestClassifier
Register,High Insurance Check,Contact Hospital,High Medical History,Accept Claim,Prepare Notification Content,0,15.0,14,13,synthetic_data,randomForestClassifier
Register,High Insurance Check,Contact Hospital,High Medical History,Accept Claim,Create Questionnaire,Prepare Notification Content,15.0,14,14,synthetic_data,randomForestClassifier
Register,High Insurance Check,Contact Hospital,High Medical History,Accept Claim,Prepare Notification Content,Create Questionnaire,20.0,14,15,synthetic_data,randomForestClassifier
Register,High Insurance Check,Contact Hospital,High Medical History,Accept Claim,Prepare Notification Content,0,20.0,14,16,synthetic_data,randomForestClassifier
Register,High Insurance Check,Low Insurance Check,High Medical History,Low Insurance Check,Prepare Notification Content,Create Questionnaire,20.0,14,17,synthetic_data,randomForestClassifier
Register,High Insurance Check,Contact Hospital,High Medical History,Accept Claim,Prepare Notification Content,Send Notification by e-mail,20.0,14,18,synthetic_data,randomForestClassifier
Register,High Insurance Check,Contact Hospital,High Medical History,Accept Claim,Prepare Notification Content,Send Notification by Post,20.0,14,19,synthetic_data,randomForestClassifier
Register,Contact Hospital,High Medical History,High Insurance Check,Accept Claim,Create Questionnaire,Prepare Notification Content,5.0,15,0,synthetic_data,randomForestClassifier
Register,Contact Hospital,High Medical History,High Insurance Check,Accept Claim,Create Questionnaire,0,5.0,15,1,synthetic_data,randomForestClassifier
Register,Contact Hospital,High Medical History,High Insurance Check,Accept Claim,Prepare Notification Content,Send Notification by Phone,5.0,15,2,synthetic_data,randomForestClassifier
Register,Create Questionnaire,High Medical History,High Insurance Check,Contact Hospital,Accept Claim,Prepare Notification Content,5.0,15,3,synthetic_data,randomForestClassifier
Register,Contact Hospital,High Medical History,High Insurance Check,Accept Claim,Prepare Notification Content,0,5.0,15,4,synthetic_data,randomForestClassifier
Register,Contact Hospital,High Medical History,High Insurance Check,Accept Claim,Create Questionnaire,Prepare Notification Content,10.0,15,5,synthetic_data,randomForestClassifier
Register,Contact Hospital,High Medical History,High Insurance Check,Accept Claim,Create Questionnaire,0,10.0,15,6,synthetic_data,randomForestClassifier
Register,Contact Hospital,High Medical History,Create Questionnaire,High Insurance Check,Accept Claim,Prepare Notification Content,10.0,15,7,synthetic_data,randomForestClassifier
Register,Contact Hospital,Low Medical History,Low Medical History,Create Questionnaire,Create Questionnaire,Prepare Notification Content,10.0,15,8,synthetic_data,randomForestClassifier
Register,High Medical History,Contact Hospital,High Insurance Check,Accept Claim,Create Questionnaire,Prepare Notification Content,10.0,15,9,synthetic_data,randomForestClassifier
Register,Contact Hospital,High Medical History,High Insurance Check,Accept Claim,Create Questionnaire,Prepare Notification Content,15.0,15,10,synthetic_data,randomForestClassifier
Register,Contact Hospital,High Medical History,High Insurance Check,Accept Claim,Create Questionnaire,0,15.0,15,11,synthetic_data,randomForestClassifier
Register,Contact Hospital,High Medical History,Low Insurance Check,High Insurance Check,Create Questionnaire,Contact Hospital,15.0,15,12,synthetic_data,randomForestClassifier
Register,Contact Hospital,High Medical History,High Insurance Check,Accept Claim,Prepare Notification Content,Send Notification by Phone,15.0,15,13,synthetic_data,randomForestClassifier
Register,Contact Hospital,High Medical History,High Insurance Check,Accept Claim,Prepare Notification Content,0,15.0,15,14,synthetic_data,randomForestClassifier
Register,Contact Hospital,High Medical History,High Insurance Check,Accept Claim,Create Questionnaire,Prepare Notification Content,20.0,15,15,synthetic_data,randomForestClassifier
Register,Contact Hospital,High Medical History,High Insurance Check,Contact Hospital,Create Questionnaire,Send Notification by Post,20.0,15,16,synthetic_data,randomForestClassifier
Register,Contact Hospital,High Medical History,High Insurance Check,Accept Claim,Create Questionnaire,0,20.0,15,17,synthetic_data,randomForestClassifier
Register,Contact Hospital,High Medical History,Contact Hospital,High Insurance Check,Create Questionnaire,Contact Hospital,20.0,15,18,synthetic_data,randomForestClassifier
Register,Contact Hospital,High Medical History,High Insurance Check,Accept Claim,Prepare Notification Content,Send Notification by Post,20.0,15,19,synthetic_data,randomForestClassifier
