amount,prefix_1,prefix_2,prefix_3,prefix_4,prefix_5,prefix_6,prefix_7,prefix_8,prefix_9,prefix_10,prefix_11,prefix_12,prefix_13,prefix_14,prefix_15,desired_cfs,idx,test_id,dataset,black_box
47192.18275,asubmitted,asubmitted,apartlysubmitted,apartlysubmitted,apreaccepted,apreaccepted,wcompletepreacceptedappl,wcompletepreacceptedappl,aaccepted,aaccepted,afinalized,afinalized,oselected,oselected,ocreated,5.0,1,0,synthetic_bank_accepted,randomForestClassifier
45736.5115,asubmitted,asubmitted,apartlysubmitted,apartlysubmitted,apreaccepted,apreaccepted,wcompletepreacceptedappl,wcompletepreacceptedappl,aaccepted,aaccepted,afinalized,afinalized,afinalized,oselected,ocreated,5.0,1,1,synthetic_bank_accepted,randomForestClassifier
2008.0294499999998,asubmitted,asubmitted,apartlysubmitted,apartlysubmitted,apreaccepted,apreaccepted,wcompletepreacceptedappl,wcompletepreacceptedappl,wfixincompletesubmission,aaccepted,afinalized,afinalized,oselected,oselected,ocreated,5.0,1,2,synthetic_bank_accepted,randomForestClassifier
2008.0294499999998,asubmitted,asubmitted,apartlysubmitted,apartlysubmitted,apreaccepted,apreaccepted,acancelled,wcompletepreacceptedappl,acancelled,aaccepted,afinalized,afinalized,adeclined,odeclined,ocreated,5.0,1,3,synthetic_bank_accepted,randomForestClassifier
30213.25705,asubmitted,asubmitted,apartlysubmitted,apartlysubmitted,apreaccepted,apreaccepted,wcompletepreacceptedappl,wcompletepreacceptedappl,wcompletepreacceptedappl,aaccepted,afinalized,afinalized,oselected,oselected,ocreated,10.0,1,4,synthetic_bank_accepted,randomForestClassifier
40572.058249999995,asubmitted,asubmitted,apartlysubmitted,apartlysubmitted,apreaccepted,apreaccepted,wcompletepreacceptedappl,wcompletepreacceptedappl,aaccepted,aaccepted,afinalized,wfixincompletesubmission,oselected,oselected,ocreated,10.0,1,5,synthetic_bank_accepted,randomForestClassifier
3201.7934499999997,asubmitted,asubmitted,apartlysubmitted,apartlysubmitted,apreaccepted,apreaccepted,adeclined,wcompletepreacceptedappl,acancelled,aaccepted,afinalized,afinalized,adeclined,0,ocreated,10.0,1,6,synthetic_bank_accepted,randomForestClassifier
2388.3286,asubmitted,asubmitted,apartlysubmitted,apartlysubmitted,apreaccepted,apreaccepted,wcompletepreacceptedappl,wcompletepreacceptedappl,aaccepted,aaccepted,afinalized,wcompletepreacceptedappl,oselected,oselected,ocreated,15.0,1,7,synthetic_bank_accepted,randomForestClassifier
18599.290950000002,asubmitted,asubmitted,apartlysubmitted,apartlysubmitted,apreaccepted,apreaccepted,wcompletepreacceptedappl,wcompletepreacceptedappl,aaccepted,aaccepted,afinalized,wcompletepreacceptedappl,oselected,oselected,ocreated,15.0,1,8,synthetic_bank_accepted,randomForestClassifier
2216.3865,asubmitted,asubmitted,apartlysubmitted,apartlysubmitted,apreaccepted,apreaccepted,wcompletepreacceptedappl,wcompletepreacceptedappl,aaccepted,aaccepted,afinalized,odeclined,oselected,oselected,ocreated,15.0,1,9,synthetic_bank_accepted,randomForestClassifier
26027.19165,asubmitted,asubmitted,apartlysubmitted,apartlysubmitted,apreaccepted,apreaccepted,wcompletepreacceptedappl,wcompletepreacceptedappl,odeclined,aaccepted,afinalized,afinalized,oselected,oselected,ocreated,15.0,1,10,synthetic_bank_accepted,randomForestClassifier
36530.5114,asubmitted,asubmitted,apartlysubmitted,apartlysubmitted,apreaccepted,apreaccepted,wcompletepreacceptedappl,wcompletepreacceptedappl,odeclined,aaccepted,afinalized,afinalized,oselected,oselected,acancelled,15.0,1,11,synthetic_bank_accepted,randomForestClassifier
3308.4269,asubmitted,asubmitted,apartlysubmitted,apartlysubmitted,apreaccepted,apreaccepted,wcompletepreacceptedappl,wcompletepreacceptedappl,aaccepted,aaccepted,afinalized,odeclined,oselected,oselected,ocreated,20.0,1,12,synthetic_bank_accepted,randomForestClassifier
6478.366749999999,asubmitted,asubmitted,apartlysubmitted,apartlysubmitted,apreaccepted,apreaccepted,wcompletepreacceptedappl,wcompletepreacceptedappl,aaccepted,aaccepted,wfixincompletesubmission,afinalized,oselected,oselected,ocreated,20.0,1,13,synthetic_bank_accepted,randomForestClassifier
5427.6715,asubmitted,asubmitted,apartlysubmitted,apartlysubmitted,apreaccepted,apreaccepted,acancelled,wcompletepreacceptedappl,aaccepted,aaccepted,afinalized,afinalized,oselected,oselected,ocreated,20.0,1,14,synthetic_bank_accepted,randomForestClassifier
19609.104700000004,asubmitted,asubmitted,apartlysubmitted,apartlysubmitted,apreaccepted,apreaccepted,wcompletepreacceptedappl,wcompletepreacceptedappl,aaccepted,aaccepted,afinalized,afinalized,wcompletepreacceptedappl,oselected,ocreated,20.0,1,15,synthetic_bank_accepted,randomForestClassifier
8288.6197,asubmitted,asubmitted,apartlysubmitted,apartlysubmitted,apreaccepted,apreaccepted,wcompletepreacceptedappl,wcompletepreacceptedappl,aaccepted,aaccepted,afinalized,afinalized,oselected,oselected,aaccepted,20.0,1,16,synthetic_bank_accepted,randomForestClassifier
52516.22895,asubmitted,asubmitted,apartlysubmitted,apartlysubmitted,wfixincompletesubmission,adeclined,adeclined,wfixincompletesubmission,apreaccepted,0,acancelled,0,wcompletepreacceptedappl,acancelled,aaccepted,5.0,2,0,synthetic_bank_accepted,randomForestClassifier
52244.29795,asubmitted,asubmitted,apartlysubmitted,apartlysubmitted,adeclined,acancelled,0,apreaccepted,0,adeclined,adeclined,aaccepted,acancelled,aaccepted,wcompletepreacceptedappl,10.0,2,1,synthetic_bank_accepted,randomForestClassifier
51324.697400000005,asubmitted,asubmitted,apartlysubmitted,apartlysubmitted,apreaccepted,adeclined,apreaccepted,adeclined,0,0,adeclined,acancelled,apreaccepted,wcompletepreacceptedappl,acancelled,10.0,2,2,synthetic_bank_accepted,randomForestClassifier
43936.52485,asubmitted,asubmitted,apartlysubmitted,apartlysubmitted,adeclined,wfixincompletesubmission,wfixincompletesubmission,0,adeclined,acancelled,aaccepted,0,acancelled,apreaccepted,wcompletepreacceptedappl,10.0,2,3,synthetic_bank_accepted,randomForestClassifier
43354.35315,asubmitted,asubmitted,apartlysubmitted,apartlysubmitted,adeclined,wfixincompletesubmission,wfixincompletesubmission,0,adeclined,acancelled,aaccepted,0,acancelled,apreaccepted,wcompletepreacceptedappl,10.0,2,4,synthetic_bank_accepted,randomForestClassifier
55333.756299999994,asubmitted,asubmitted,apartlysubmitted,apartlysubmitted,acancelled,acancelled,0,0,0,0,afinalized,afinalized,adeclined,odeclined,odeclined,15.0,2,5,synthetic_bank_accepted,randomForestClassifier
42324.3951,asubmitted,asubmitted,apartlysubmitted,apartlysubmitted,adeclined,wfixincompletesubmission,0,0,wfixincompletesubmission,acancelled,afinalized,acancelled,acancelled,afinalized,afinalized,15.0,2,6,synthetic_bank_accepted,randomForestClassifier
43299.41255,asubmitted,asubmitted,apartlysubmitted,apartlysubmitted,0,apreaccepted,0,0,0,acancelled,acancelled,aaccepted,acancelled,apreaccepted,wcompletepreacceptedappl,15.0,2,7,synthetic_bank_accepted,randomForestClassifier
43299.41255,asubmitted,asubmitted,apartlysubmitted,apartlysubmitted,adeclined,wfixincompletesubmission,0,0,odeclined,acancelled,afinalized,adeclined,acancelled,afinalized,odeclined,15.0,2,8,synthetic_bank_accepted,randomForestClassifier
43299.41255,asubmitted,asubmitted,apartlysubmitted,apartlysubmitted,adeclined,wfixincompletesubmission,0,0,wfixincompletesubmission,acancelled,afinalized,acancelled,acancelled,afinalized,afinalized,15.0,2,9,synthetic_bank_accepted,randomForestClassifier
45214.461950000004,asubmitted,asubmitted,apartlysubmitted,apartlysubmitted,adeclined,adeclined,0,apreaccepted,0,0,afinalized,acancelled,wcompletepreacceptedappl,afinalized,aaccepted,20.0,2,10,synthetic_bank_accepted,randomForestClassifier
51974.437150000005,asubmitted,asubmitted,apartlysubmitted,apartlysubmitted,adeclined,acancelled,wfixincompletesubmission,wfixincompletesubmission,0,0,adeclined,0,adeclined,adeclined,aaccepted,20.0,2,11,synthetic_bank_accepted,randomForestClassifier
52546.431650000006,asubmitted,asubmitted,apartlysubmitted,apartlysubmitted,adeclined,adeclined,apreaccepted,acancelled,0,0,acancelled,afinalized,acancelled,adeclined,wcompletepreacceptedappl,20.0,2,12,synthetic_bank_accepted,randomForestClassifier
54360.9999,asubmitted,asubmitted,apartlysubmitted,apartlysubmitted,adeclined,adeclined,0,0,adeclined,acancelled,adeclined,adeclined,aaccepted,oselected,afinalized,20.0,2,13,synthetic_bank_accepted,randomForestClassifier
50682.32655,asubmitted,asubmitted,apartlysubmitted,apartlysubmitted,adeclined,apreaccepted,acancelled,wcompletepreacceptedappl,aaccepted,0,aaccepted,0,odeclined,afinalized,odeclined,20.0,2,14,synthetic_bank_accepted,randomForestClassifier
55510.6484,asubmitted,asubmitted,apartlysubmitted,apartlysubmitted,apreaccepted,apreaccepted,adeclined,wcompletepreacceptedappl,odeclined,odeclined,aaccepted,adeclined,aaccepted,oselected,afinalized,5.0,3,0,synthetic_bank_accepted,randomForestClassifier
7125.65625,asubmitted,asubmitted,apartlysubmitted,apartlysubmitted,apreaccepted,apreaccepted,wcompletepreacceptedappl,wcompletepreacceptedappl,odeclined,acancelled,aaccepted,aaccepted,acancelled,afinalized,oselected,5.0,3,1,synthetic_bank_accepted,randomForestClassifier
7937.5272,asubmitted,asubmitted,apartlysubmitted,apartlysubmitted,apreaccepted,apreaccepted,wcompletepreacceptedappl,wcompletepreacceptedappl,odeclined,acancelled,aaccepted,aaccepted,acancelled,afinalized,oselected,5.0,3,2,synthetic_bank_accepted,randomForestClassifier
55024.91095,asubmitted,asubmitted,apartlysubmitted,apartlysubmitted,apreaccepted,apreaccepted,wcompletepreacceptedappl,wcompletepreacceptedappl,odeclined,acancelled,afinalized,afinalized,acancelled,oselected,ocreated,5.0,3,3,synthetic_bank_accepted,randomForestClassifier
9000.00015,asubmitted,asubmitted,apartlysubmitted,apartlysubmitted,apreaccepted,apreaccepted,wcompletepreacceptedappl,wcompletepreacceptedappl,odeclined,acancelled,wcompletepreacceptedappl,wcompletepreacceptedappl,acancelled,aaccepted,afinalized,5.0,3,4,synthetic_bank_accepted,randomForestClassifier
2630.98255,asubmitted,asubmitted,apartlysubmitted,apartlysubmitted,apreaccepted,apreaccepted,wcompletepreacceptedappl,wcompletepreacceptedappl,aaccepted,aaccepted,afinalized,afinalized,oselected,oselected,ocreated,10.0,3,5,synthetic_bank_accepted,randomForestClassifier
9000.00015,asubmitted,asubmitted,apartlysubmitted,apartlysubmitted,apreaccepted,apreaccepted,wcompletepreacceptedappl,wcompletepreacceptedappl,aaccepted,aaccepted,afinalized,afinalized,oselected,oselected,ocreated,10.0,3,6,synthetic_bank_accepted,randomForestClassifier
8634.643399999999,asubmitted,asubmitted,apartlysubmitted,apartlysubmitted,apreaccepted,apreaccepted,wcompletepreacceptedappl,wcompletepreacceptedappl,wcompletepreacceptedappl,wcompletepreacceptedappl,wcompletepreacceptedappl,wcompletepreacceptedappl,aaccepted,aaccepted,afinalized,10.0,3,7,synthetic_bank_accepted,randomForestClassifier
8528.24645,asubmitted,asubmitted,apartlysubmitted,apartlysubmitted,apreaccepted,apreaccepted,wcompletepreacceptedappl,wcompletepreacceptedappl,wcompletepreacceptedappl,wcompletepreacceptedappl,aaccepted,aaccepted,afinalized,afinalized,oselected,10.0,3,8,synthetic_bank_accepted,randomForestClassifier
8528.24645,asubmitted,asubmitted,apartlysubmitted,apartlysubmitted,apreaccepted,apreaccepted,wcompletepreacceptedappl,wcompletepreacceptedappl,aaccepted,aaccepted,afinalized,afinalized,oselected,oselected,ocreated,10.0,3,9,synthetic_bank_accepted,randomForestClassifier
2238.0196499999997,asubmitted,asubmitted,apartlysubmitted,apartlysubmitted,apreaccepted,apreaccepted,wcompletepreacceptedappl,wcompletepreacceptedappl,aaccepted,aaccepted,afinalized,afinalized,oselected,oselected,ocreated,15.0,3,10,synthetic_bank_accepted,randomForestClassifier
6574.83015,asubmitted,asubmitted,apartlysubmitted,apartlysubmitted,apreaccepted,apreaccepted,wcompletepreacceptedappl,wcompletepreacceptedappl,wcompletepreacceptedappl,wcompletepreacceptedappl,aaccepted,aaccepted,afinalized,afinalized,oselected,15.0,3,11,synthetic_bank_accepted,randomForestClassifier
6574.83015,asubmitted,asubmitted,apartlysubmitted,apartlysubmitted,apreaccepted,apreaccepted,wcompletepreacceptedappl,wcompletepreacceptedappl,aaccepted,aaccepted,afinalized,afinalized,oselected,oselected,ocreated,15.0,3,12,synthetic_bank_accepted,randomForestClassifier
6128.1581,asubmitted,asubmitted,apartlysubmitted,apartlysubmitted,apreaccepted,apreaccepted,wcompletepreacceptedappl,wcompletepreacceptedappl,wcompletepreacceptedappl,wcompletepreacceptedappl,aaccepted,aaccepted,afinalized,afinalized,oselected,15.0,3,13,synthetic_bank_accepted,randomForestClassifier
6128.1581,asubmitted,asubmitted,apartlysubmitted,apartlysubmitted,apreaccepted,apreaccepted,wcompletepreacceptedappl,wcompletepreacceptedappl,aaccepted,aaccepted,afinalized,afinalized,oselected,oselected,ocreated,15.0,3,14,synthetic_bank_accepted,randomForestClassifier
3293.8662,asubmitted,asubmitted,apartlysubmitted,apartlysubmitted,apreaccepted,apreaccepted,wcompletepreacceptedappl,wcompletepreacceptedappl,aaccepted,aaccepted,afinalized,adeclined,oselected,oselected,ocreated,20.0,3,15,synthetic_bank_accepted,randomForestClassifier
3955.2951,asubmitted,asubmitted,apartlysubmitted,apartlysubmitted,apreaccepted,apreaccepted,wcompletepreacceptedappl,wcompletepreacceptedappl,wcompletepreacceptedappl,wcompletepreacceptedappl,aaccepted,adeclined,afinalized,afinalized,oselected,20.0,3,16,synthetic_bank_accepted,randomForestClassifier
18973.765049999998,asubmitted,asubmitted,apartlysubmitted,apartlysubmitted,apreaccepted,apreaccepted,wcompletepreacceptedappl,wcompletepreacceptedappl,aaccepted,aaccepted,afinalized,adeclined,oselected,oselected,ocreated,20.0,3,17,synthetic_bank_accepted,randomForestClassifier
3400.40285,asubmitted,asubmitted,apartlysubmitted,apartlysubmitted,apreaccepted,apreaccepted,wcompletepreacceptedappl,wcompletepreacceptedappl,aaccepted,aaccepted,afinalized,adeclined,oselected,oselected,ocreated,20.0,3,18,synthetic_bank_accepted,randomForestClassifier
3379.2795499999997,asubmitted,asubmitted,apartlysubmitted,apartlysubmitted,apreaccepted,apreaccepted,wcompletepreacceptedappl,wcompletepreacceptedappl,aaccepted,aaccepted,afinalized,adeclined,oselected,oselected,ocreated,20.0,3,19,synthetic_bank_accepted,randomForestClassifier
53054.7158,asubmitted,asubmitted,apartlysubmitted,apartlysubmitted,wfixincompletesubmission,wfixincompletesubmission,wfixincompletesubmission,wfixincompletesubmission,acancelled,0,apreaccepted,0,odeclined,aaccepted,wcompletepreacceptedappl,5.0,4,0,synthetic_bank_accepted,randomForestClassifier
48364.26685,asubmitted,asubmitted,apartlysubmitted,apartlysubmitted,wfixincompletesubmission,wfixincompletesubmission,wfixincompletesubmission,adeclined,0,odeclined,wfixincompletesubmission,0,adeclined,aaccepted,oselected,5.0,4,1,synthetic_bank_accepted,randomForestClassifier
55640.08155,asubmitted,asubmitted,apartlysubmitted,apartlysubmitted,apreaccepted,wfixincompletesubmission,acancelled,wcompletepreacceptedappl,odeclined,0,afinalized,acancelled,odeclined,adeclined,wcompletepreacceptedappl,5.0,4,2,synthetic_bank_accepted,randomForestClassifier
52594.8762,asubmitted,asubmitted,apartlysubmitted,apartlysubmitted,wfixincompletesubmission,apreaccepted,adeclined,wcompletepreacceptedappl,0,0,wcompletepreacceptedappl,adeclined,odeclined,adeclined,afinalized,5.0,4,3,synthetic_bank_accepted,randomForestClassifier
54039.469900000004,asubmitted,asubmitted,apartlysubmitted,apartlysubmitted,wfixincompletesubmission,wfixincompletesubmission,0,0,0,adeclined,acancelled,0,adeclined,aaccepted,oselected,10.0,4,4,synthetic_bank_accepted,randomForestClassifier
45112.909400000004,asubmitted,asubmitted,apartlysubmitted,apartlysubmitted,wfixincompletesubmission,wfixincompletesubmission,0,wfixincompletesubmission,0,acancelled,adeclined,0,aaccepted,afinalized,odeclined,10.0,4,5,synthetic_bank_accepted,randomForestClassifier
56892.6642,asubmitted,asubmitted,apartlysubmitted,apartlysubmitted,wfixincompletesubmission,wfixincompletesubmission,apreaccepted,apreaccepted,acancelled,0,wfixincompletesubmission,odeclined,aaccepted,aaccepted,wcompletepreacceptedappl,10.0,4,6,synthetic_bank_accepted,randomForestClassifier
41263.55345,asubmitted,asubmitted,apartlysubmitted,apartlysubmitted,wfixincompletesubmission,wfixincompletesubmission,apreaccepted,acancelled,apreaccepted,wcompletepreacceptedappl,aaccepted,odeclined,acancelled,aaccepted,aaccepted,10.0,4,7,synthetic_bank_accepted,randomForestClassifier
48182.321899999995,asubmitted,asubmitted,apartlysubmitted,apartlysubmitted,wfixincompletesubmission,wfixincompletesubmission,apreaccepted,adeclined,odeclined,wfixincompletesubmission,0,adeclined,acancelled,acancelled,wcompletepreacceptedappl,10.0,4,8,synthetic_bank_accepted,randomForestClassifier
45066.58565,asubmitted,asubmitted,apartlysubmitted,apartlysubmitted,wfixincompletesubmission,wfixincompletesubmission,apreaccepted,acancelled,wfixincompletesubmission,0,0,afinalized,apreaccepted,wcompletepreacceptedappl,afinalized,15.0,4,9,synthetic_bank_accepted,randomForestClassifier
45066.58565,asubmitted,asubmitted,apartlysubmitted,apartlysubmitted,wfixincompletesubmission,wfixincompletesubmission,apreaccepted,acancelled,wfixincompletesubmission,0,0,afinalized,apreaccepted,wcompletepreacceptedappl,odeclined,15.0,4,10,synthetic_bank_accepted,randomForestClassifier
53276.23985,asubmitted,asubmitted,apartlysubmitted,apartlysubmitted,wfixincompletesubmission,wfixincompletesubmission,apreaccepted,acancelled,acancelled,adeclined,0,aaccepted,afinalized,wcompletepreacceptedappl,ocreated,15.0,4,11,synthetic_bank_accepted,randomForestClassifier
52093.114499999996,asubmitted,asubmitted,apartlysubmitted,apartlysubmitted,acancelled,wfixincompletesubmission,acancelled,acancelled,odeclined,0,acancelled,acancelled,acancelled,acancelled,aaccepted,15.0,4,12,synthetic_bank_accepted,randomForestClassifier
41041.09055,asubmitted,asubmitted,apartlysubmitted,apartlysubmitted,wfixincompletesubmission,wfixincompletesubmission,wfixincompletesubmission,acancelled,aaccepted,0,adeclined,aaccepted,odeclined,adeclined,oselected,15.0,4,13,synthetic_bank_accepted,randomForestClassifier
46901.6733,asubmitted,asubmitted,apartlysubmitted,apartlysubmitted,wassessfraud,wfixincompletesubmission,acancelled,acancelled,apreaccepted,wfixincompletesubmission,acancelled,0,aaccepted,afinalized,wcompletepreacceptedappl,20.0,4,14,synthetic_bank_accepted,randomForestClassifier
56081.14414999999,asubmitted,asubmitted,apartlysubmitted,apartlysubmitted,wfixincompletesubmission,wfixincompletesubmission,0,acancelled,0,odeclined,afinalized,acancelled,adeclined,afinalized,acancelled,20.0,4,15,synthetic_bank_accepted,randomForestClassifier
54802.756049999996,asubmitted,asubmitted,apartlysubmitted,apartlysubmitted,apreaccepted,wfixincompletesubmission,acancelled,acancelled,0,adeclined,aaccepted,odeclined,apreaccepted,aaccepted,wcompletepreacceptedappl,20.0,4,16,synthetic_bank_accepted,randomForestClassifier
53689.0308,asubmitted,asubmitted,apartlysubmitted,apartlysubmitted,wfixincompletesubmission,wfixincompletesubmission,apreaccepted,acancelled,adeclined,0,aaccepted,afinalized,odeclined,wcompletepreacceptedappl,acancelled,20.0,4,17,synthetic_bank_accepted,randomForestClassifier
49250.8432,asubmitted,asubmitted,apartlysubmitted,apartlysubmitted,wfixincompletesubmission,wfixincompletesubmission,adeclined,adeclined,0,odeclined,acancelled,0,acancelled,adeclined,oselected,20.0,4,18,synthetic_bank_accepted,randomForestClassifier
2189.7120499999996,asubmitted,asubmitted,apartlysubmitted,apartlysubmitted,apreaccepted,apreaccepted,wcompletepreacceptedappl,wcompletepreacceptedappl,aaccepted,aaccepted,afinalized,afinalized,oselected,oselected,ocreated,5.0,5,0,synthetic_bank_accepted,randomForestClassifier
8338.896850000001,asubmitted,asubmitted,apartlysubmitted,apartlysubmitted,apreaccepted,apreaccepted,wcompletepreacceptedappl,wcompletepreacceptedappl,aaccepted,aaccepted,afinalized,afinalized,oselected,oselected,ocreated,5.0,5,1,synthetic_bank_accepted,randomForestClassifier
39748.11315,asubmitted,asubmitted,apartlysubmitted,apartlysubmitted,apreaccepted,apreaccepted,wcompletepreacceptedappl,wcompletepreacceptedappl,wcompletepreacceptedappl,wcompletepreacceptedappl,wcompletepreacceptedappl,wcompletepreacceptedappl,aaccepted,aaccepted,afinalized,5.0,5,2,synthetic_bank_accepted,randomForestClassifier
10036.9762,asubmitted,asubmitted,apartlysubmitted,apartlysubmitted,apreaccepted,apreaccepted,wcompletepreacceptedappl,wcompletepreacceptedappl,wcompletepreacceptedappl,wcompletepreacceptedappl,aaccepted,aaccepted,afinalized,afinalized,oselected,5.0,5,3,synthetic_bank_accepted,randomForestClassifier
10036.9762,asubmitted,asubmitted,apartlysubmitted,apartlysubmitted,apreaccepted,apreaccepted,wcompletepreacceptedappl,wcompletepreacceptedappl,wcompletepreacceptedappl,wcompletepreacceptedappl,wcompletepreacceptedappl,wcompletepreacceptedappl,aaccepted,aaccepted,afinalized,5.0,5,4,synthetic_bank_accepted,randomForestClassifier
7517.054399999999,asubmitted,asubmitted,apartlysubmitted,apartlysubmitted,apreaccepted,apreaccepted,wcompletepreacceptedappl,wcompletepreacceptedappl,odeclined,odeclined,aaccepted,adeclined,afinalized,afinalized,oselected,10.0,5,5,synthetic_bank_accepted,randomForestClassifier
3723.4706499999998,asubmitted,asubmitted,apartlysubmitted,apartlysubmitted,apreaccepted,apreaccepted,wcompletepreacceptedappl,wcompletepreacceptedappl,odeclined,aaccepted,aaccepted,adeclined,afinalized,afinalized,oselected,10.0,5,6,synthetic_bank_accepted,randomForestClassifier
16812.24965,asubmitted,asubmitted,apartlysubmitted,apartlysubmitted,apreaccepted,apreaccepted,wcompletepreacceptedappl,wcompletepreacceptedappl,odeclined,acancelled,aaccepted,adeclined,afinalized,afinalized,oselected,10.0,5,7,synthetic_bank_accepted,randomForestClassifier
2084.4492,asubmitted,asubmitted,apartlysubmitted,apartlysubmitted,apreaccepted,apreaccepted,wcompletepreacceptedappl,wcompletepreacceptedappl,odeclined,aaccepted,aaccepted,adeclined,afinalized,afinalized,oselected,10.0,5,8,synthetic_bank_accepted,randomForestClassifier
2162.4237999999996,asubmitted,asubmitted,apartlysubmitted,apartlysubmitted,apreaccepted,apreaccepted,wcompletepreacceptedappl,wcompletepreacceptedappl,wcompletepreacceptedappl,odeclined,aaccepted,adeclined,afinalized,afinalized,oselected,10.0,5,9,synthetic_bank_accepted,randomForestClassifier
56874.630249999995,asubmitted,asubmitted,apartlysubmitted,apartlysubmitted,apreaccepted,apreaccepted,wcompletepreacceptedappl,wcompletepreacceptedappl,adeclined,odeclined,adeclined,adeclined,aaccepted,acancelled,afinalized,15.0,5,10,synthetic_bank_accepted,randomForestClassifier
33657.90155,asubmitted,asubmitted,apartlysubmitted,apartlysubmitted,apreaccepted,apreaccepted,wcompletepreacceptedappl,wcompletepreacceptedappl,odeclined,odeclined,adeclined,aaccepted,aaccepted,acancelled,afinalized,15.0,5,11,synthetic_bank_accepted,randomForestClassifier
5355.3806,asubmitted,asubmitted,apartlysubmitted,apartlysubmitted,apreaccepted,apreaccepted,wcompletepreacceptedappl,wcompletepreacceptedappl,odeclined,odeclined,acancelled,adeclined,afinalized,afinalized,oselected,15.0,5,12,synthetic_bank_accepted,randomForestClassifier
4773.8898,asubmitted,asubmitted,apartlysubmitted,apartlysubmitted,apreaccepted,apreaccepted,wcompletepreacceptedappl,wcompletepreacceptedappl,odeclined,odeclined,adeclined,aaccepted,aaccepted,aaccepted,afinalized,15.0,5,13,synthetic_bank_accepted,randomForestClassifier
2298.50095,asubmitted,asubmitted,apartlysubmitted,apartlysubmitted,apreaccepted,apreaccepted,wcompletepreacceptedappl,wcompletepreacceptedappl,aaccepted,odeclined,adeclined,adeclined,afinalized,afinalized,oselected,15.0,5,14,synthetic_bank_accepted,randomForestClassifier
9454.8914,asubmitted,asubmitted,apartlysubmitted,apartlysubmitted,apreaccepted,apreaccepted,wcompletepreacceptedappl,wcompletepreacceptedappl,odeclined,odeclined,wcompletepreacceptedappl,wcompletepreacceptedappl,aaccepted,aaccepted,afinalized,20.0,5,15,synthetic_bank_accepted,randomForestClassifier
31367.38805,asubmitted,asubmitted,apartlysubmitted,apartlysubmitted,apreaccepted,apreaccepted,wcompletepreacceptedappl,wcompletepreacceptedappl,odeclined,odeclined,aaccepted,aaccepted,afinalized,afinalized,oselected,20.0,5,16,synthetic_bank_accepted,randomForestClassifier
3332.0197,asubmitted,asubmitted,apartlysubmitted,apartlysubmitted,apreaccepted,apreaccepted,wcompletepreacceptedappl,wcompletepreacceptedappl,odeclined,odeclined,aaccepted,aaccepted,afinalized,afinalized,oselected,20.0,5,17,synthetic_bank_accepted,randomForestClassifier
33436.0123,asubmitted,asubmitted,apartlysubmitted,apartlysubmitted,apreaccepted,apreaccepted,wcompletepreacceptedappl,wcompletepreacceptedappl,odeclined,odeclined,aaccepted,aaccepted,afinalized,afinalized,oselected,20.0,5,18,synthetic_bank_accepted,randomForestClassifier
34046.799399999996,asubmitted,asubmitted,apartlysubmitted,apartlysubmitted,apreaccepted,apreaccepted,wcompletepreacceptedappl,wcompletepreacceptedappl,odeclined,odeclined,aaccepted,aaccepted,afinalized,afinalized,oselected,20.0,5,19,synthetic_bank_accepted,randomForestClassifier
47269.1943,asubmitted,asubmitted,apartlysubmitted,apartlysubmitted,apreaccepted,apreaccepted,wcompletepreacceptedappl,wcompletepreacceptedappl,aaccepted,aaccepted,afinalized,aaccepted,oselected,oselected,ocreated,5.0,6,0,synthetic_bank_accepted,randomForestClassifier
2835.3994,asubmitted,asubmitted,apartlysubmitted,apartlysubmitted,apreaccepted,apreaccepted,wcompletepreacceptedappl,0,aaccepted,adeclined,acancelled,aaccepted,oselected,0,ocreated,5.0,6,1,synthetic_bank_accepted,randomForestClassifier
2835.3994,asubmitted,asubmitted,apartlysubmitted,apartlysubmitted,apreaccepted,apreaccepted,acancelled,wcompletepreacceptedappl,adeclined,aaccepted,acancelled,aaccepted,acancelled,0,odeclined,5.0,6,2,synthetic_bank_accepted,randomForestClassifier
40580.52055,asubmitted,asubmitted,apartlysubmitted,apartlysubmitted,apreaccepted,apreaccepted,0,wcompletepreacceptedappl,aaccepted,acancelled,acancelled,aaccepted,oselected,0,ocreated,5.0,6,3,synthetic_bank_accepted,randomForestClassifier
46550.84865,asubmitted,asubmitted,apartlysubmitted,apartlysubmitted,apreaccepted,apreaccepted,wcompletepreacceptedappl,wcompletepreacceptedappl,aaccepted,aaccepted,afinalized,afinalized,oselected,oselected,ocreated,10.0,6,4,synthetic_bank_accepted,randomForestClassifier
46615.18105,asubmitted,asubmitted,apartlysubmitted,apartlysubmitted,apreaccepted,apreaccepted,wcompletepreacceptedappl,wcompletepreacceptedappl,aaccepted,aaccepted,afinalized,afinalized,oselected,oselected,ocreated,10.0,6,5,synthetic_bank_accepted,randomForestClassifier
3554.1795500000003,asubmitted,asubmitted,apartlysubmitted,apartlysubmitted,apreaccepted,apreaccepted,wcompletepreacceptedappl,wcompletepreacceptedappl,aaccepted,wfixincompletesubmission,afinalized,afinalized,oselected,oselected,ocreated,10.0,6,6,synthetic_bank_accepted,randomForestClassifier
3554.1795500000003,asubmitted,asubmitted,apartlysubmitted,apartlysubmitted,apreaccepted,apreaccepted,wcompletepreacceptedappl,wcompletepreacceptedappl,aaccepted,aaccepted,afinalized,afinalized,oselected,oselected,acancelled,10.0,6,7,synthetic_bank_accepted,randomForestClassifier
8313.28665,asubmitted,asubmitted,apartlysubmitted,apartlysubmitted,apreaccepted,apreaccepted,wcompletepreacceptedappl,wcompletepreacceptedappl,aaccepted,aaccepted,afinalized,afinalized,oselected,oselected,0,10.0,6,8,synthetic_bank_accepted,randomForestClassifier
2008.6542499999998,asubmitted,asubmitted,apartlysubmitted,apartlysubmitted,apreaccepted,apreaccepted,wcompletepreacceptedappl,wcompletepreacceptedappl,aaccepted,odeclined,afinalized,afinalized,oselected,oselected,ocreated,15.0,6,9,synthetic_bank_accepted,randomForestClassifier
2240.35,asubmitted,asubmitted,apartlysubmitted,apartlysubmitted,apreaccepted,apreaccepted,wcompletepreacceptedappl,wcompletepreacceptedappl,aaccepted,aaccepted,afinalized,afinalized,oselected,0,ocreated,15.0,6,10,synthetic_bank_accepted,randomForestClassifier
2067.3959,asubmitted,asubmitted,apartlysubmitted,apartlysubmitted,apreaccepted,apreaccepted,wcompletepreacceptedappl,wcompletepreacceptedappl,aaccepted,odeclined,afinalized,afinalized,oselected,oselected,ocreated,15.0,6,11,synthetic_bank_accepted,randomForestClassifier
35182.57415,asubmitted,asubmitted,apartlysubmitted,apartlysubmitted,apreaccepted,apreaccepted,wcompletepreacceptedappl,wcompletepreacceptedappl,aaccepted,aaccepted,afinalized,afinalized,oselected,0,ocreated,15.0,6,12,synthetic_bank_accepted,randomForestClassifier
2067.3959,asubmitted,asubmitted,apartlysubmitted,apartlysubmitted,apreaccepted,apreaccepted,wcompletepreacceptedappl,wcompletepreacceptedappl,aaccepted,aaccepted,afinalized,afinalized,oselected,0,ocreated,15.0,6,13,synthetic_bank_accepted,randomForestClassifier
21458.9615,asubmitted,asubmitted,apartlysubmitted,apartlysubmitted,apreaccepted,apreaccepted,wcompletepreacceptedappl,wcompletepreacceptedappl,aaccepted,aaccepted,afinalized,wfixincompletesubmission,oselected,oselected,ocreated,20.0,6,14,synthetic_bank_accepted,randomForestClassifier
2116.8453,asubmitted,asubmitted,apartlysubmitted,apartlysubmitted,apreaccepted,apreaccepted,wcompletepreacceptedappl,wcompletepreacceptedappl,odeclined,aaccepted,afinalized,afinalized,oselected,oselected,ocreated,20.0,6,15,synthetic_bank_accepted,randomForestClassifier
3266.7226,asubmitted,asubmitted,apartlysubmitted,apartlysubmitted,apreaccepted,apreaccepted,0,wcompletepreacceptedappl,aaccepted,aaccepted,afinalized,afinalized,oselected,oselected,ocreated,20.0,6,16,synthetic_bank_accepted,randomForestClassifier
3266.7226,asubmitted,asubmitted,apartlysubmitted,apartlysubmitted,apreaccepted,apreaccepted,wcompletepreacceptedappl,wcompletepreacceptedappl,aaccepted,aaccepted,afinalized,0,oselected,oselected,ocreated,20.0,6,17,synthetic_bank_accepted,randomForestClassifier
3266.7226,asubmitted,asubmitted,apartlysubmitted,apartlysubmitted,apreaccepted,apreaccepted,wcompletepreacceptedappl,wcompletepreacceptedappl,aaccepted,aaccepted,afinalized,afinalized,adeclined,oselected,ocreated,20.0,6,18,synthetic_bank_accepted,randomForestClassifier
56798.136249999996,asubmitted,asubmitted,apartlysubmitted,apartlysubmitted,wfixincompletesubmission,wfixincompletesubmission,apreaccepted,apreaccepted,0,wcompletepreacceptedappl,wcompletepreacceptedappl,0,afinalized,afinalized,oselected,5.0,7,0,synthetic_bank_accepted,randomForestClassifier
52516.41485,asubmitted,asubmitted,apartlysubmitted,apartlysubmitted,wfixincompletesubmission,wfixincompletesubmission,apreaccepted,apreaccepted,0,apreaccepted,adeclined,adeclined,oselected,aaccepted,wcompletepreacceptedappl,5.0,7,1,synthetic_bank_accepted,randomForestClassifier
44864.5833,asubmitted,asubmitted,apartlysubmitted,apartlysubmitted,wfixincompletesubmission,wfixincompletesubmission,apreaccepted,apreaccepted,acancelled,wcompletepreacceptedappl,aaccepted,afinalized,afinalized,0,oselected,5.0,7,2,synthetic_bank_accepted,randomForestClassifier
46039.004349999996,asubmitted,asubmitted,apartlysubmitted,apartlysubmitted,wfixincompletesubmission,wfixincompletesubmission,apreaccepted,apreaccepted,acancelled,wcompletepreacceptedappl,0,acancelled,afinalized,adeclined,oselected,5.0,7,3,synthetic_bank_accepted,randomForestClassifier
16729.176000000003,asubmitted,asubmitted,apartlysubmitted,apartlysubmitted,apreaccepted,wfixincompletesubmission,adeclined,wcompletepreacceptedappl,wfixincompletesubmission,0,wcompletepreacceptedappl,aaccepted,aaccepted,aaccepted,afinalized,10.0,7,4,synthetic_bank_accepted,randomForestClassifier
50030.14645,asubmitted,asubmitted,apartlysubmitted,apartlysubmitted,wfixincompletesubmission,wfixincompletesubmission,adeclined,wfixincompletesubmission,odeclined,aaccepted,acancelled,adeclined,adeclined,adeclined,ocreated,10.0,7,5,synthetic_bank_accepted,randomForestClassifier
6874.332649999999,asubmitted,asubmitted,apartlysubmitted,apartlysubmitted,wfixincompletesubmission,wfixincompletesubmission,adeclined,apreaccepted,wcompletepreacceptedappl,wcompletepreacceptedappl,aaccepted,acancelled,adeclined,afinalized,oselected,10.0,7,6,synthetic_bank_accepted,randomForestClassifier
50515.92295,asubmitted,asubmitted,apartlysubmitted,apartlysubmitted,wfixincompletesubmission,wfixincompletesubmission,apreaccepted,wcompletepreacceptedappl,odeclined,acancelled,adeclined,0,acancelled,adeclined,odeclined,10.0,7,7,synthetic_bank_accepted,randomForestClassifier
50857.40915,asubmitted,asubmitted,apartlysubmitted,apartlysubmitted,acancelled,acancelled,wfixincompletesubmission,adeclined,0,apreaccepted,afinalized,0,aaccepted,odeclined,wcompletepreacceptedappl,10.0,7,8,synthetic_bank_accepted,randomForestClassifier
41038.56825,asubmitted,asubmitted,apartlysubmitted,apartlysubmitted,wfixincompletesubmission,wfixincompletesubmission,apreaccepted,adeclined,0,0,wcompletepreacceptedappl,wcompletepreacceptedappl,aaccepted,aaccepted,afinalized,15.0,7,9,synthetic_bank_accepted,randomForestClassifier
39948.7812,asubmitted,asubmitted,apartlysubmitted,apartlysubmitted,wfixincompletesubmission,wfixincompletesubmission,adeclined,adeclined,odeclined,wfixincompletesubmission,0,adeclined,afinalized,afinalized,oselected,15.0,7,10,synthetic_bank_accepted,randomForestClassifier
36999.99965,asubmitted,asubmitted,apartlysubmitted,apartlysubmitted,wfixincompletesubmission,wfixincompletesubmission,wfixincompletesubmission,adeclined,0,0,wfixincompletesubmission,wfixincompletesubmission,aaccepted,aaccepted,aaccepted,15.0,7,11,synthetic_bank_accepted,randomForestClassifier
36999.99965,asubmitted,asubmitted,apartlysubmitted,apartlysubmitted,wfixincompletesubmission,wfixincompletesubmission,apreaccepted,adeclined,0,0,wcompletepreacceptedappl,wcompletepreacceptedappl,aaccepted,aaccepted,afinalized,15.0,7,12,synthetic_bank_accepted,randomForestClassifier
17036.3433,asubmitted,asubmitted,apartlysubmitted,apartlysubmitted,wfixincompletesubmission,wfixincompletesubmission,wfixincompletesubmission,adeclined,0,0,wfixincompletesubmission,wfixincompletesubmission,aaccepted,aaccepted,aaccepted,15.0,7,13,synthetic_bank_accepted,randomForestClassifier
45251.2894,asubmitted,asubmitted,apartlysubmitted,apartlysubmitted,wfixincompletesubmission,wfixincompletesubmission,adeclined,adeclined,0,wfixincompletesubmission,adeclined,aaccepted,adeclined,adeclined,aaccepted,20.0,7,14,synthetic_bank_accepted,randomForestClassifier
56821.97654999999,asubmitted,asubmitted,apartlysubmitted,apartlysubmitted,wfixincompletesubmission,wfixincompletesubmission,adeclined,acancelled,0,adeclined,acancelled,adeclined,odeclined,acancelled,odeclined,20.0,7,15,synthetic_bank_accepted,randomForestClassifier
52035.907349999994,asubmitted,asubmitted,apartlysubmitted,apartlysubmitted,adeclined,wfixincompletesubmission,adeclined,0,0,0,adeclined,afinalized,odeclined,odeclined,oselected,20.0,7,16,synthetic_bank_accepted,randomForestClassifier
50205.038199999995,asubmitted,asubmitted,apartlysubmitted,apartlysubmitted,wfixincompletesubmission,wfixincompletesubmission,adeclined,0,0,adeclined,acancelled,adeclined,oselected,afinalized,odeclined,20.0,7,17,synthetic_bank_accepted,randomForestClassifier
55468.33085,asubmitted,asubmitted,apartlysubmitted,apartlysubmitted,wfixincompletesubmission,adeclined,0,adeclined,0,aaccepted,0,adeclined,afinalized,acancelled,odeclined,20.0,7,18,synthetic_bank_accepted,randomForestClassifier
4000.0002,asubmitted,asubmitted,apartlysubmitted,apartlysubmitted,wfixincompletesubmission,wfixincompletesubmission,apreaccepted,apreaccepted,wcompletepreacceptedappl,wcompletepreacceptedappl,aaccepted,aaccepted,afinalized,afinalized,oselected,5.0,8,0,synthetic_bank_accepted,randomForestClassifier
29355.213050000002,asubmitted,asubmitted,apartlysubmitted,apartlysubmitted,wfixincompletesubmission,wfixincompletesubmission,apreaccepted,apreaccepted,wcompletepreacceptedappl,wcompletepreacceptedappl,aaccepted,aaccepted,afinalized,afinalized,oselected,5.0,8,1,synthetic_bank_accepted,randomForestClassifier
8459.55255,asubmitted,asubmitted,apartlysubmitted,apartlysubmitted,wfixincompletesubmission,wfixincompletesubmission,apreaccepted,apreaccepted,wcompletepreacceptedappl,wcompletepreacceptedappl,aaccepted,aaccepted,afinalized,afinalized,oselected,5.0,8,2,synthetic_bank_accepted,randomForestClassifier
6186.7463,asubmitted,asubmitted,apartlysubmitted,apartlysubmitted,wfixincompletesubmission,wfixincompletesubmission,apreaccepted,apreaccepted,wcompletepreacceptedappl,wcompletepreacceptedappl,aaccepted,aaccepted,afinalized,afinalized,oselected,5.0,8,3,synthetic_bank_accepted,randomForestClassifier
5311.7689,asubmitted,asubmitted,apartlysubmitted,apartlysubmitted,wfixincompletesubmission,wfixincompletesubmission,apreaccepted,apreaccepted,wcompletepreacceptedappl,wcompletepreacceptedappl,aaccepted,aaccepted,afinalized,afinalized,oselected,5.0,8,4,synthetic_bank_accepted,randomForestClassifier
5489.46235,asubmitted,asubmitted,apartlysubmitted,apartlysubmitted,wfixincompletesubmission,wfixincompletesubmission,apreaccepted,apreaccepted,wcompletepreacceptedappl,wcompletepreacceptedappl,aaccepted,aaccepted,afinalized,afinalized,oselected,10.0,8,5,synthetic_bank_accepted,randomForestClassifier
5832.92635,asubmitted,asubmitted,apartlysubmitted,apartlysubmitted,wfixincompletesubmission,wfixincompletesubmission,apreaccepted,apreaccepted,wcompletepreacceptedappl,wcompletepreacceptedappl,aaccepted,aaccepted,afinalized,afinalized,oselected,10.0,8,6,synthetic_bank_accepted,randomForestClassifier
5393.4637,asubmitted,asubmitted,apartlysubmitted,apartlysubmitted,wfixincompletesubmission,wfixincompletesubmission,apreaccepted,apreaccepted,wcompletepreacceptedappl,wcompletepreacceptedappl,aaccepted,aaccepted,afinalized,afinalized,oselected,10.0,8,7,synthetic_bank_accepted,randomForestClassifier
4999.99975,asubmitted,asubmitted,apartlysubmitted,apartlysubmitted,wfixincompletesubmission,wfixincompletesubmission,apreaccepted,apreaccepted,wcompletepreacceptedappl,wcompletepreacceptedappl,aaccepted,aaccepted,afinalized,afinalized,oselected,10.0,8,8,synthetic_bank_accepted,randomForestClassifier
6261.64365,asubmitted,asubmitted,apartlysubmitted,apartlysubmitted,wfixincompletesubmission,wfixincompletesubmission,apreaccepted,apreaccepted,wcompletepreacceptedappl,wcompletepreacceptedappl,aaccepted,aaccepted,afinalized,afinalized,oselected,10.0,8,9,synthetic_bank_accepted,randomForestClassifier
56800.59804999999,asubmitted,asubmitted,apartlysubmitted,apartlysubmitted,wfixincompletesubmission,wfixincompletesubmission,apreaccepted,apreaccepted,wcompletepreacceptedappl,wcompletepreacceptedappl,wcompletepreacceptedappl,aaccepted,afinalized,afinalized,oselected,15.0,8,10,synthetic_bank_accepted,randomForestClassifier
56693.88265,asubmitted,asubmitted,apartlysubmitted,apartlysubmitted,wfixincompletesubmission,wfixincompletesubmission,apreaccepted,apreaccepted,wcompletepreacceptedappl,wcompletepreacceptedappl,wcompletepreacceptedappl,aaccepted,afinalized,afinalized,oselected,15.0,8,11,synthetic_bank_accepted,randomForestClassifier
39691.481850000004,asubmitted,asubmitted,apartlysubmitted,apartlysubmitted,wfixincompletesubmission,wfixincompletesubmission,apreaccepted,apreaccepted,wcompletepreacceptedappl,wcompletepreacceptedappl,wcompletepreacceptedappl,aaccepted,afinalized,afinalized,oselected,15.0,8,12,synthetic_bank_accepted,randomForestClassifier
42324.6239,asubmitted,asubmitted,apartlysubmitted,apartlysubmitted,wfixincompletesubmission,wfixincompletesubmission,apreaccepted,apreaccepted,wcompletepreacceptedappl,wcompletepreacceptedappl,wcompletepreacceptedappl,aaccepted,afinalized,afinalized,oselected,15.0,8,13,synthetic_bank_accepted,randomForestClassifier
43852.7142,asubmitted,asubmitted,apartlysubmitted,apartlysubmitted,wfixincompletesubmission,wfixincompletesubmission,apreaccepted,apreaccepted,wcompletepreacceptedappl,wcompletepreacceptedappl,wcompletepreacceptedappl,aaccepted,afinalized,afinalized,oselected,15.0,8,14,synthetic_bank_accepted,randomForestClassifier
10802.8765,asubmitted,asubmitted,apartlysubmitted,apartlysubmitted,wfixincompletesubmission,wfixincompletesubmission,apreaccepted,apreaccepted,wcompletepreacceptedappl,wcompletepreacceptedappl,wcompletepreacceptedappl,wcompletepreacceptedappl,aaccepted,aaccepted,afinalized,20.0,8,15,synthetic_bank_accepted,randomForestClassifier
48909.1051,asubmitted,asubmitted,apartlysubmitted,apartlysubmitted,wfixincompletesubmission,wfixincompletesubmission,apreaccepted,apreaccepted,wcompletepreacceptedappl,wcompletepreacceptedappl,wcompletepreacceptedappl,wcompletepreacceptedappl,aaccepted,aaccepted,afinalized,20.0,8,16,synthetic_bank_accepted,randomForestClassifier
56299.865399999995,asubmitted,asubmitted,apartlysubmitted,apartlysubmitted,wfixincompletesubmission,wfixincompletesubmission,apreaccepted,apreaccepted,wcompletepreacceptedappl,wcompletepreacceptedappl,wcompletepreacceptedappl,wcompletepreacceptedappl,wcompletepreacceptedappl,wcompletepreacceptedappl,aaccepted,20.0,8,17,synthetic_bank_accepted,randomForestClassifier
51649.1006,asubmitted,asubmitted,apartlysubmitted,apartlysubmitted,wfixincompletesubmission,wfixincompletesubmission,apreaccepted,apreaccepted,wcompletepreacceptedappl,wcompletepreacceptedappl,wcompletepreacceptedappl,wcompletepreacceptedappl,aaccepted,aaccepted,afinalized,20.0,8,18,synthetic_bank_accepted,randomForestClassifier
7890.82615,asubmitted,asubmitted,apartlysubmitted,apartlysubmitted,wfixincompletesubmission,wfixincompletesubmission,apreaccepted,apreaccepted,wcompletepreacceptedappl,wcompletepreacceptedappl,wcompletepreacceptedappl,wcompletepreacceptedappl,aaccepted,aaccepted,afinalized,20.0,8,19,synthetic_bank_accepted,randomForestClassifier
3258.5072499999997,asubmitted,asubmitted,apartlysubmitted,apartlysubmitted,apreaccepted,apreaccepted,wcompletepreacceptedappl,wcompletepreacceptedappl,aaccepted,wcompletepreacceptedappl,afinalized,afinalized,oselected,oselected,ocreated,5.0,9,0,synthetic_bank_accepted,randomForestClassifier
3258.5072499999997,asubmitted,asubmitted,apartlysubmitted,apartlysubmitted,apreaccepted,apreaccepted,wcompletepreacceptedappl,wcompletepreacceptedappl,aaccepted,aaccepted,wcompletepreacceptedappl,afinalized,oselected,oselected,ocreated,5.0,9,1,synthetic_bank_accepted,randomForestClassifier
3288.80565,asubmitted,asubmitted,apartlysubmitted,apartlysubmitted,apreaccepted,apreaccepted,wcompletepreacceptedappl,wcompletepreacceptedappl,aaccepted,aaccepted,afinalized,afinalized,oselected,wcompletepreacceptedappl,ocreated,5.0,9,2,synthetic_bank_accepted,randomForestClassifier
16299.134850000002,asubmitted,asubmitted,apartlysubmitted,apartlysubmitted,apreaccepted,apreaccepted,wcompletepreacceptedappl,wcompletepreacceptedappl,aaccepted,aaccepted,wcompletepreacceptedappl,afinalized,oselected,oselected,ocreated,5.0,9,3,synthetic_bank_accepted,randomForestClassifier
3258.5072499999997,asubmitted,asubmitted,apartlysubmitted,apartlysubmitted,apreaccepted,apreaccepted,acancelled,wcompletepreacceptedappl,aaccepted,aaccepted,afinalized,odeclined,adeclined,acancelled,odeclined,5.0,9,4,synthetic_bank_accepted,randomForestClassifier
3077.34165,asubmitted,asubmitted,apartlysubmitted,apartlysubmitted,apreaccepted,apreaccepted,wcompletepreacceptedappl,wcompletepreacceptedappl,aaccepted,aaccepted,wcompletepreacceptedappl,afinalized,oselected,oselected,ocreated,10.0,9,5,synthetic_bank_accepted,randomForestClassifier
46597.82305,asubmitted,asubmitted,apartlysubmitted,apartlysubmitted,apreaccepted,apreaccepted,wcompletepreacceptedappl,wcompletepreacceptedappl,aaccepted,aaccepted,wcompletepreacceptedappl,afinalized,oselected,oselected,ocreated,10.0,9,6,synthetic_bank_accepted,randomForestClassifier
30269.128249999998,asubmitted,asubmitted,apartlysubmitted,apartlysubmitted,apreaccepted,apreaccepted,wcompletepreacceptedappl,wcompletepreacceptedappl,aaccepted,aaccepted,wcompletepreacceptedappl,afinalized,oselected,oselected,ocreated,10.0,9,7,synthetic_bank_accepted,randomForestClassifier
7627.01755,asubmitted,asubmitted,apartlysubmitted,apartlysubmitted,apreaccepted,apreaccepted,wcompletepreacceptedappl,wcompletepreacceptedappl,aaccepted,aaccepted,wcompletepreacceptedappl,afinalized,oselected,oselected,ocreated,10.0,9,8,synthetic_bank_accepted,randomForestClassifier
23920.84565,asubmitted,asubmitted,apartlysubmitted,apartlysubmitted,apreaccepted,apreaccepted,wcompletepreacceptedappl,wcompletepreacceptedappl,aaccepted,aaccepted,wcompletepreacceptedappl,afinalized,oselected,oselected,ocreated,10.0,9,9,synthetic_bank_accepted,randomForestClassifier
2754.1924499999996,asubmitted,asubmitted,apartlysubmitted,apartlysubmitted,apreaccepted,apreaccepted,wcompletepreacceptedappl,wcompletepreacceptedappl,aaccepted,aaccepted,afinalized,afinalized,oselected,acancelled,ocreated,15.0,9,10,synthetic_bank_accepted,randomForestClassifier
21661.47975,asubmitted,asubmitted,apartlysubmitted,apartlysubmitted,apreaccepted,apreaccepted,wcompletepreacceptedappl,wcompletepreacceptedappl,aaccepted,aaccepted,afinalized,afinalized,oselected,acancelled,ocreated,15.0,9,11,synthetic_bank_accepted,randomForestClassifier
2754.1924499999996,asubmitted,asubmitted,apartlysubmitted,apartlysubmitted,apreaccepted,apreaccepted,wcompletepreacceptedappl,wcompletepreacceptedappl,aaccepted,aaccepted,afinalized,afinalized,oselected,oselected,adeclined,15.0,9,12,synthetic_bank_accepted,randomForestClassifier
2187.24365,asubmitted,asubmitted,apartlysubmitted,apartlysubmitted,apreaccepted,apreaccepted,wcompletepreacceptedappl,wcompletepreacceptedappl,aaccepted,aaccepted,afinalized,afinalized,oselected,oselected,0,15.0,9,13,synthetic_bank_accepted,randomForestClassifier
5488.9640500000005,asubmitted,asubmitted,apartlysubmitted,apartlysubmitted,apreaccepted,apreaccepted,wcompletepreacceptedappl,wcompletepreacceptedappl,wfixincompletesubmission,aaccepted,afinalized,afinalized,oselected,oselected,ocreated,15.0,9,14,synthetic_bank_accepted,randomForestClassifier
2511.7453,asubmitted,asubmitted,apartlysubmitted,apartlysubmitted,apreaccepted,apreaccepted,wcompletepreacceptedappl,wcompletepreacceptedappl,aaccepted,aaccepted,afinalized,afinalized,oselected,oselected,acancelled,20.0,9,15,synthetic_bank_accepted,randomForestClassifier
4752.4849,asubmitted,asubmitted,apartlysubmitted,apartlysubmitted,apreaccepted,apreaccepted,wcompletepreacceptedappl,wcompletepreacceptedappl,aaccepted,aaccepted,afinalized,odeclined,oselected,oselected,ocreated,20.0,9,16,synthetic_bank_accepted,randomForestClassifier
4752.4849,asubmitted,asubmitted,apartlysubmitted,apartlysubmitted,apreaccepted,apreaccepted,wcompletepreacceptedappl,adeclined,aaccepted,aaccepted,afinalized,afinalized,oselected,oselected,ocreated,20.0,9,17,synthetic_bank_accepted,randomForestClassifier
3650.3178999999996,asubmitted,asubmitted,apartlysubmitted,apartlysubmitted,apreaccepted,apreaccepted,wcompletepreacceptedappl,wcompletepreacceptedappl,wfixincompletesubmission,aaccepted,afinalized,afinalized,oselected,oselected,ocreated,20.0,9,18,synthetic_bank_accepted,randomForestClassifier
4752.4849,asubmitted,asubmitted,apartlysubmitted,apartlysubmitted,apreaccepted,apreaccepted,wcompletepreacceptedappl,wcompletepreacceptedappl,aaccepted,wcompletepreacceptedappl,afinalized,afinalized,oselected,oselected,ocreated,20.0,9,19,synthetic_bank_accepted,randomForestClassifier
55086.6545,asubmitted,asubmitted,apartlysubmitted,apartlysubmitted,wfixincompletesubmission,adeclined,0,0,wfixincompletesubmission,aaccepted,0,acancelled,afinalized,adeclined,ocreated,5.0,10,0,synthetic_bank_accepted,randomForestClassifier
56968.432199999996,asubmitted,asubmitted,apartlysubmitted,apartlysubmitted,adeclined,wassessfraud,0,wfixincompletesubmission,adeclined,adeclined,0,adeclined,aaccepted,aaccepted,odeclined,5.0,10,1,synthetic_bank_accepted,randomForestClassifier
37034.9626,asubmitted,asubmitted,apartlysubmitted,apartlysubmitted,wassessfraud,adeclined,0,0,wfixincompletesubmission,aaccepted,aaccepted,adeclined,apreaccepted,odeclined,wcompletepreacceptedappl,5.0,10,2,synthetic_bank_accepted,randomForestClassifier
16635.0127,asubmitted,asubmitted,apartlysubmitted,apartlysubmitted,apreaccepted,adeclined,0,0,wcompletepreacceptedappl,wcompletepreacceptedappl,aaccepted,aaccepted,afinalized,afinalized,oselected,5.0,10,3,synthetic_bank_accepted,randomForestClassifier
18005.87945,asubmitted,asubmitted,apartlysubmitted,apartlysubmitted,apreaccepted,adeclined,wfixincompletesubmission,0,0,0,aaccepted,wcompletepreacceptedappl,aaccepted,aaccepted,ocreated,10.0,10,4,synthetic_bank_accepted,randomForestClassifier
56042.99395,asubmitted,asubmitted,apartlysubmitted,apartlysubmitted,adeclined,apreaccepted,wcompletepreacceptedappl,0,0,odeclined,aaccepted,aaccepted,afinalized,odeclined,oselected,10.0,10,5,synthetic_bank_accepted,randomForestClassifier
50644.65045,asubmitted,asubmitted,apartlysubmitted,apartlysubmitted,adeclined,adeclined,0,0,acancelled,apreaccepted,adeclined,aaccepted,aaccepted,aaccepted,wcompletepreacceptedappl,15.0,10,6,synthetic_bank_accepted,randomForestClassifier
52363.588,asubmitted,asubmitted,apartlysubmitted,apartlysubmitted,apreaccepted,adeclined,apreaccepted,wfixincompletesubmission,0,0,wfixincompletesubmission,afinalized,aaccepted,odeclined,wcompletepreacceptedappl,15.0,10,7,synthetic_bank_accepted,randomForestClassifier
53635.92665,asubmitted,asubmitted,apartlysubmitted,apartlysubmitted,adeclined,wfixincompletesubmission,acancelled,0,wfixincompletesubmission,0,adeclined,aaccepted,apreaccepted,wcompletepreacceptedappl,adeclined,15.0,10,8,synthetic_bank_accepted,randomForestClassifier
37065.5712,asubmitted,asubmitted,apartlysubmitted,apartlysubmitted,adeclined,apreaccepted,0,wcompletepreacceptedappl,acancelled,0,adeclined,wcompletepreacceptedappl,aaccepted,aaccepted,afinalized,15.0,10,9,synthetic_bank_accepted,randomForestClassifier
17999.9994,asubmitted,asubmitted,apartlysubmitted,apartlysubmitted,adeclined,adeclined,apreaccepted,acancelled,acancelled,wcompletepreacceptedappl,acancelled,acancelled,adeclined,aaccepted,afinalized,15.0,10,10,synthetic_bank_accepted,randomForestClassifier
50432.0265,asubmitted,asubmitted,apartlysubmitted,apartlysubmitted,adeclined,wfixincompletesubmission,apreaccepted,0,acancelled,0,adeclined,0,wcompletepreacceptedappl,acancelled,aaccepted,20.0,10,11,synthetic_bank_accepted,randomForestClassifier
17407.1973,asubmitted,asubmitted,apartlysubmitted,apartlysubmitted,adeclined,adeclined,0,wfixincompletesubmission,0,acancelled,adeclined,adeclined,aaccepted,aaccepted,afinalized,20.0,10,12,synthetic_bank_accepted,randomForestClassifier
51259.40855,asubmitted,asubmitted,apartlysubmitted,apartlysubmitted,adeclined,adeclined,0,adeclined,0,adeclined,aaccepted,aaccepted,afinalized,aaccepted,afinalized,20.0,10,13,synthetic_bank_accepted,randomForestClassifier
18221.7231,asubmitted,asubmitted,apartlysubmitted,apartlysubmitted,wfixincompletesubmission,adeclined,wfixincompletesubmission,0,0,adeclined,afinalized,acancelled,aaccepted,afinalized,ocreated,20.0,10,14,synthetic_bank_accepted,randomForestClassifier
17000.0004,asubmitted,asubmitted,apartlysubmitted,apartlysubmitted,adeclined,adeclined,apreaccepted,0,acancelled,aaccepted,acancelled,wcompletepreacceptedappl,wcompletepreacceptedappl,wcompletepreacceptedappl,aaccepted,20.0,10,15,synthetic_bank_accepted,randomForestClassifier
9462.080999999998,asubmitted,asubmitted,apartlysubmitted,apartlysubmitted,apreaccepted,apreaccepted,wcompletepreacceptedappl,wcompletepreacceptedappl,aaccepted,aaccepted,afinalized,wfixincompletesubmission,oselected,oselected,ocreated,5.0,11,0,synthetic_bank_accepted,randomForestClassifier
9462.080999999998,asubmitted,asubmitted,apartlysubmitted,apartlysubmitted,apreaccepted,apreaccepted,wcompletepreacceptedappl,wcompletepreacceptedappl,aaccepted,aaccepted,afinalized,wcompletepreacceptedappl,oselected,oselected,ocreated,5.0,11,1,synthetic_bank_accepted,randomForestClassifier
2027.6567499999999,asubmitted,asubmitted,apartlysubmitted,apartlysubmitted,apreaccepted,apreaccepted,wcompletepreacceptedappl,wcompletepreacceptedappl,aaccepted,aaccepted,afinalized,wcompletepreacceptedappl,oselected,oselected,ocreated,5.0,11,2,synthetic_bank_accepted,randomForestClassifier
4936.805299999999,asubmitted,asubmitted,apartlysubmitted,apartlysubmitted,apreaccepted,apreaccepted,wcompletepreacceptedappl,wcompletepreacceptedappl,aaccepted,aaccepted,afinalized,wcompletepreacceptedappl,oselected,oselected,ocreated,5.0,11,3,synthetic_bank_accepted,randomForestClassifier
4936.805299999999,asubmitted,asubmitted,apartlysubmitted,apartlysubmitted,apreaccepted,apreaccepted,wcompletepreacceptedappl,wcompletepreacceptedappl,aaccepted,aaccepted,afinalized,wfixincompletesubmission,oselected,oselected,ocreated,5.0,11,4,synthetic_bank_accepted,randomForestClassifier
12865.61795,asubmitted,asubmitted,apartlysubmitted,apartlysubmitted,apreaccepted,apreaccepted,wcompletepreacceptedappl,wcompletepreacceptedappl,aaccepted,aaccepted,afinalized,odeclined,oselected,oselected,ocreated,10.0,11,5,synthetic_bank_accepted,randomForestClassifier
2382.9314499999996,asubmitted,asubmitted,apartlysubmitted,apartlysubmitted,apreaccepted,apreaccepted,wcompletepreacceptedappl,wcompletepreacceptedappl,aaccepted,aaccepted,afinalized,afinalized,oselected,oselected,0,10.0,11,6,synthetic_bank_accepted,randomForestClassifier
7786.9768,asubmitted,asubmitted,apartlysubmitted,apartlysubmitted,apreaccepted,apreaccepted,wcompletepreacceptedappl,wcompletepreacceptedappl,aaccepted,aaccepted,afinalized,wcompletepreacceptedappl,oselected,oselected,ocreated,10.0,11,7,synthetic_bank_accepted,randomForestClassifier
3128.1577999999995,asubmitted,asubmitted,apartlysubmitted,apartlysubmitted,apreaccepted,apreaccepted,adeclined,wcompletepreacceptedappl,aaccepted,aaccepted,afinalized,afinalized,oselected,oselected,ocreated,10.0,11,8,synthetic_bank_accepted,randomForestClassifier
3828.5916,asubmitted,asubmitted,apartlysubmitted,apartlysubmitted,apreaccepted,apreaccepted,wcompletepreacceptedappl,wcompletepreacceptedappl,aaccepted,aaccepted,afinalized,odeclined,oselected,oselected,ocreated,10.0,11,9,synthetic_bank_accepted,randomForestClassifier
47782.34375,asubmitted,asubmitted,apartlysubmitted,apartlysubmitted,apreaccepted,apreaccepted,wcompletepreacceptedappl,wcompletepreacceptedappl,aaccepted,aaccepted,afinalized,afinalized,oselected,oselected,ocreated,15.0,11,10,synthetic_bank_accepted,randomForestClassifier
6639.217,asubmitted,asubmitted,apartlysubmitted,apartlysubmitted,apreaccepted,apreaccepted,wcompletepreacceptedappl,wcompletepreacceptedappl,aaccepted,aaccepted,wcompletepreacceptedappl,afinalized,oselected,oselected,ocreated,15.0,11,11,synthetic_bank_accepted,randomForestClassifier
3770.8537,asubmitted,asubmitted,apartlysubmitted,apartlysubmitted,apreaccepted,apreaccepted,wcompletepreacceptedappl,wcompletepreacceptedappl,aaccepted,aaccepted,afinalized,afinalized,oselected,0,ocreated,15.0,11,12,synthetic_bank_accepted,randomForestClassifier
3770.8537,asubmitted,asubmitted,apartlysubmitted,apartlysubmitted,apreaccepted,apreaccepted,wcompletepreacceptedappl,wcompletepreacceptedappl,aaccepted,aaccepted,0,afinalized,oselected,oselected,ocreated,15.0,11,13,synthetic_bank_accepted,randomForestClassifier
2035.0592000000001,asubmitted,asubmitted,apartlysubmitted,apartlysubmitted,apreaccepted,apreaccepted,wcompletepreacceptedappl,wcompletepreacceptedappl,aaccepted,odeclined,afinalized,afinalized,oselected,oselected,ocreated,15.0,11,14,synthetic_bank_accepted,randomForestClassifier
2323.4308,asubmitted,asubmitted,apartlysubmitted,apartlysubmitted,apreaccepted,apreaccepted,wcompletepreacceptedappl,wcompletepreacceptedappl,aaccepted,odeclined,afinalized,afinalized,oselected,oselected,ocreated,20.0,11,15,synthetic_bank_accepted,randomForestClassifier
2275.0154,asubmitted,asubmitted,apartlysubmitted,apartlysubmitted,apreaccepted,apreaccepted,wcompletepreacceptedappl,wcompletepreacceptedappl,aaccepted,aaccepted,afinalized,afinalized,0,oselected,ocreated,20.0,11,16,synthetic_bank_accepted,randomForestClassifier
13299.41835,asubmitted,asubmitted,apartlysubmitted,apartlysubmitted,apreaccepted,apreaccepted,wcompletepreacceptedappl,wcompletepreacceptedappl,aaccepted,aaccepted,afinalized,odeclined,oselected,oselected,ocreated,20.0,11,17,synthetic_bank_accepted,randomForestClassifier
3334.2439,asubmitted,asubmitted,apartlysubmitted,apartlysubmitted,apreaccepted,apreaccepted,wcompletepreacceptedappl,wcompletepreacceptedappl,aaccepted,aaccepted,afinalized,afinalized,adeclined,oselected,ocreated,20.0,11,18,synthetic_bank_accepted,randomForestClassifier
3334.2439,asubmitted,asubmitted,apartlysubmitted,apartlysubmitted,apreaccepted,apreaccepted,wcompletepreacceptedappl,wcompletepreacceptedappl,aaccepted,aaccepted,afinalized,0,oselected,oselected,ocreated,20.0,11,19,synthetic_bank_accepted,randomForestClassifier
4698.93195,asubmitted,asubmitted,apartlysubmitted,apartlysubmitted,apreaccepted,apreaccepted,wcompletepreacceptedappl,wcompletepreacceptedappl,aaccepted,aaccepted,afinalized,afinalized,oselected,aaccepted,ocreated,5.0,12,0,synthetic_bank_accepted,randomForestClassifier
46148.181000000004,asubmitted,asubmitted,apartlysubmitted,apartlysubmitted,apreaccepted,apreaccepted,wcompletepreacceptedappl,wcompletepreacceptedappl,aaccepted,aaccepted,afinalized,afinalized,oselected,aaccepted,ocreated,5.0,12,1,synthetic_bank_accepted,randomForestClassifier
2868.2266999999997,asubmitted,asubmitted,apartlysubmitted,apartlysubmitted,apreaccepted,apreaccepted,wcompletepreacceptedappl,wcompletepreacceptedappl,aaccepted,adeclined,afinalized,afinalized,oselected,oselected,ocreated,10.0,12,2,synthetic_bank_accepted,randomForestClassifier
2868.2266999999997,asubmitted,asubmitted,apartlysubmitted,apartlysubmitted,apreaccepted,apreaccepted,wcompletepreacceptedappl,wcompletepreacceptedappl,aaccepted,aaccepted,afinalized,afinalized,oselected,0,ocreated,10.0,12,3,synthetic_bank_accepted,randomForestClassifier
2868.2266999999997,asubmitted,asubmitted,apartlysubmitted,apartlysubmitted,apreaccepted,apreaccepted,wcompletepreacceptedappl,wcompletepreacceptedappl,aaccepted,odeclined,afinalized,afinalized,oselected,oselected,ocreated,10.0,12,4,synthetic_bank_accepted,randomForestClassifier
2868.2266999999997,asubmitted,asubmitted,apartlysubmitted,apartlysubmitted,apreaccepted,apreaccepted,acancelled,wcompletepreacceptedappl,aaccepted,aaccepted,afinalized,afinalized,oselected,oselected,ocreated,10.0,12,5,synthetic_bank_accepted,randomForestClassifier
2868.2266999999997,asubmitted,asubmitted,apartlysubmitted,apartlysubmitted,apreaccepted,apreaccepted,wcompletepreacceptedappl,wcompletepreacceptedappl,adeclined,aaccepted,afinalized,afinalized,oselected,oselected,ocreated,10.0,12,6,synthetic_bank_accepted,randomForestClassifier
4211.6941,asubmitted,asubmitted,apartlysubmitted,apartlysubmitted,apreaccepted,apreaccepted,wcompletepreacceptedappl,wcompletepreacceptedappl,aaccepted,aaccepted,afinalized,afinalized,oselected,oselected,adeclined,15.0,12,7,synthetic_bank_accepted,randomForestClassifier
20349.4289,asubmitted,asubmitted,apartlysubmitted,apartlysubmitted,apreaccepted,apreaccepted,wcompletepreacceptedappl,wcompletepreacceptedappl,aaccepted,aaccepted,afinalized,afinalized,oselected,oselected,acancelled,15.0,12,8,synthetic_bank_accepted,randomForestClassifier
2847.6688,asubmitted,asubmitted,apartlysubmitted,apartlysubmitted,apreaccepted,apreaccepted,wcompletepreacceptedappl,wcompletepreacceptedappl,aaccepted,aaccepted,afinalized,afinalized,oselected,0,ocreated,15.0,12,9,synthetic_bank_accepted,randomForestClassifier
5159.302849999999,asubmitted,asubmitted,apartlysubmitted,apartlysubmitted,apreaccepted,apreaccepted,wcompletepreacceptedappl,wcompletepreacceptedappl,aaccepted,aaccepted,afinalized,afinalized,oselected,0,ocreated,15.0,12,10,synthetic_bank_accepted,randomForestClassifier
5159.302849999999,asubmitted,asubmitted,apartlysubmitted,apartlysubmitted,apreaccepted,apreaccepted,wcompletepreacceptedappl,wcompletepreacceptedappl,adeclined,aaccepted,0,afinalized,oselected,oselected,ocreated,15.0,12,11,synthetic_bank_accepted,randomForestClassifier
2125.4253,asubmitted,asubmitted,apartlysubmitted,apartlysubmitted,apreaccepted,apreaccepted,wcompletepreacceptedappl,wcompletepreacceptedappl,aaccepted,aaccepted,afinalized,afinalized,oselected,oselected,adeclined,20.0,12,12,synthetic_bank_accepted,randomForestClassifier
7662.32205,asubmitted,asubmitted,apartlysubmitted,apartlysubmitted,apreaccepted,apreaccepted,wcompletepreacceptedappl,wcompletepreacceptedappl,odeclined,aaccepted,afinalized,afinalized,oselected,oselected,ocreated,20.0,12,13,synthetic_bank_accepted,randomForestClassifier
7344.0755500000005,asubmitted,asubmitted,apartlysubmitted,apartlysubmitted,apreaccepted,apreaccepted,wcompletepreacceptedappl,wcompletepreacceptedappl,aaccepted,aaccepted,afinalized,wcompletepreacceptedappl,oselected,oselected,ocreated,20.0,12,14,synthetic_bank_accepted,randomForestClassifier
6332.81035,asubmitted,asubmitted,apartlysubmitted,apartlysubmitted,apreaccepted,apreaccepted,wcompletepreacceptedappl,wcompletepreacceptedappl,aaccepted,aaccepted,afinalized,afinalized,oselected,adeclined,ocreated,20.0,12,15,synthetic_bank_accepted,randomForestClassifier
5131.8485,asubmitted,asubmitted,apartlysubmitted,apartlysubmitted,apreaccepted,apreaccepted,wcompletepreacceptedappl,wcompletepreacceptedappl,aaccepted,aaccepted,afinalized,wcompletepreacceptedappl,oselected,oselected,ocreated,20.0,12,16,synthetic_bank_accepted,randomForestClassifier
56813.28875,asubmitted,asubmitted,apartlysubmitted,apartlysubmitted,wfixincompletesubmission,wfixincompletesubmission,acancelled,0,0,adeclined,acancelled,aaccepted,aaccepted,acancelled,aaccepted,5.0,13,0,synthetic_bank_accepted,randomForestClassifier
56754.18904999999,asubmitted,asubmitted,apartlysubmitted,apartlysubmitted,wfixincompletesubmission,adeclined,wfixincompletesubmission,adeclined,wfixincompletesubmission,acancelled,aaccepted,aaccepted,0,aaccepted,odeclined,5.0,13,1,synthetic_bank_accepted,randomForestClassifier
52515.6696,asubmitted,asubmitted,apartlysubmitted,apartlysubmitted,acancelled,acancelled,adeclined,adeclined,0,acancelled,adeclined,acancelled,oselected,odeclined,odeclined,5.0,13,2,synthetic_bank_accepted,randomForestClassifier
52496.03185,asubmitted,asubmitted,apartlysubmitted,apartlysubmitted,wfixincompletesubmission,wfixincompletesubmission,adeclined,0,adeclined,wfixincompletesubmission,wfixincompletesubmission,aaccepted,oselected,aaccepted,odeclined,5.0,13,3,synthetic_bank_accepted,randomForestClassifier
44747.44485,asubmitted,asubmitted,apartlysubmitted,apartlysubmitted,wfixincompletesubmission,wfixincompletesubmission,apreaccepted,wfixincompletesubmission,0,0,aaccepted,wcompletepreacceptedappl,afinalized,wcompletepreacceptedappl,ocreated,10.0,13,4,synthetic_bank_accepted,randomForestClassifier
48370.1656,asubmitted,asubmitted,apartlysubmitted,apartlysubmitted,wfixincompletesubmission,wfixincompletesubmission,adeclined,0,apreaccepted,wcompletepreacceptedappl,0,aaccepted,adeclined,adeclined,aaccepted,10.0,13,5,synthetic_bank_accepted,randomForestClassifier
10355.457,asubmitted,asubmitted,apartlysubmitted,apartlysubmitted,wfixincompletesubmission,wfixincompletesubmission,0,adeclined,acancelled,adeclined,adeclined,adeclined,afinalized,afinalized,oselected,10.0,13,6,synthetic_bank_accepted,randomForestClassifier
53116.935099999995,asubmitted,asubmitted,apartlysubmitted,apartlysubmitted,adeclined,acancelled,apreaccepted,wcompletepreacceptedappl,0,0,0,afinalized,adeclined,afinalized,odeclined,10.0,13,7,synthetic_bank_accepted,randomForestClassifier
53817.9057,asubmitted,asubmitted,apartlysubmitted,apartlysubmitted,wfixincompletesubmission,wfixincompletesubmission,0,adeclined,adeclined,aaccepted,adeclined,apreaccepted,adeclined,wcompletepreacceptedappl,odeclined,10.0,13,8,synthetic_bank_accepted,randomForestClassifier
54743.49355,asubmitted,asubmitted,apartlysubmitted,apartlysubmitted,wfixincompletesubmission,wfixincompletesubmission,wfixincompletesubmission,acancelled,0,0,0,aaccepted,adeclined,afinalized,acancelled,15.0,13,9,synthetic_bank_accepted,randomForestClassifier
55743.202699999994,asubmitted,asubmitted,apartlysubmitted,apartlysubmitted,wfixincompletesubmission,apreaccepted,wcompletepreacceptedappl,adeclined,odeclined,0,afinalized,0,oselected,acancelled,odeclined,15.0,13,10,synthetic_bank_accepted,randomForestClassifier
54188.66345,asubmitted,asubmitted,apartlysubmitted,apartlysubmitted,wfixincompletesubmission,adeclined,adeclined,wfixincompletesubmission,0,0,aaccepted,adeclined,aaccepted,afinalized,oselected,15.0,13,11,synthetic_bank_accepted,randomForestClassifier
53984.98965,asubmitted,asubmitted,apartlysubmitted,apartlysubmitted,wfixincompletesubmission,wfixincompletesubmission,apreaccepted,adeclined,wfixincompletesubmission,aaccepted,acancelled,0,adeclined,wcompletepreacceptedappl,adeclined,15.0,13,12,synthetic_bank_accepted,randomForestClassifier
52017.6424,asubmitted,asubmitted,apartlysubmitted,apartlysubmitted,acancelled,wfixincompletesubmission,wfixincompletesubmission,adeclined,wfixincompletesubmission,0,afinalized,0,adeclined,adeclined,ocreated,15.0,13,13,synthetic_bank_accepted,randomForestClassifier
44426.39885,asubmitted,asubmitted,apartlysubmitted,apartlysubmitted,wfixincompletesubmission,wfixincompletesubmission,adeclined,apreaccepted,wcompletepreacceptedappl,wcompletepreacceptedappl,0,adeclined,afinalized,adeclined,oselected,20.0,13,14,synthetic_bank_accepted,randomForestClassifier
38755.1734,asubmitted,asubmitted,apartlysubmitted,apartlysubmitted,wfixincompletesubmission,wfixincompletesubmission,adeclined,adeclined,acancelled,apreaccepted,wcompletepreacceptedappl,adeclined,aaccepted,aaccepted,afinalized,20.0,13,15,synthetic_bank_accepted,randomForestClassifier
53658.209350000005,asubmitted,asubmitted,apartlysubmitted,apartlysubmitted,wfixincompletesubmission,wfixincompletesubmission,adeclined,apreaccepted,wcompletepreacceptedappl,wcompletepreacceptedappl,0,adeclined,aaccepted,adeclined,afinalized,20.0,13,16,synthetic_bank_accepted,randomForestClassifier
6999.9999499999985,asubmitted,asubmitted,apartlysubmitted,apartlysubmitted,wfixincompletesubmission,wfixincompletesubmission,adeclined,adeclined,acancelled,adeclined,aaccepted,adeclined,afinalized,afinalized,oselected,20.0,13,17,synthetic_bank_accepted,randomForestClassifier
17434.7039,asubmitted,asubmitted,apartlysubmitted,apartlysubmitted,wfixincompletesubmission,apreaccepted,adeclined,adeclined,wcompletepreacceptedappl,adeclined,adeclined,aaccepted,aaccepted,aaccepted,afinalized,20.0,13,18,synthetic_bank_accepted,randomForestClassifier
50116.486,asubmitted,asubmitted,apartlysubmitted,apartlysubmitted,wfixincompletesubmission,acancelled,0,0,0,apreaccepted,wcompletepreacceptedappl,afinalized,aaccepted,acancelled,afinalized,5.0,14,0,synthetic_bank_accepted,randomForestClassifier
56120.0165,asubmitted,asubmitted,apartlysubmitted,apartlysubmitted,acancelled,apreaccepted,wfixincompletesubmission,0,0,aaccepted,wfixincompletesubmission,wfixincompletesubmission,wcompletepreacceptedappl,odeclined,aaccepted,5.0,14,1,synthetic_bank_accepted,randomForestClassifier
53921.38215,asubmitted,asubmitted,apartlysubmitted,apartlysubmitted,acancelled,wfixincompletesubmission,wfixincompletesubmission,adeclined,0,0,aaccepted,adeclined,acancelled,oselected,odeclined,5.0,14,2,synthetic_bank_accepted,randomForestClassifier
42671.5837,asubmitted,asubmitted,apartlysubmitted,apartlysubmitted,acancelled,acancelled,acancelled,wfixincompletesubmission,apreaccepted,0,adeclined,adeclined,aaccepted,adeclined,wcompletepreacceptedappl,5.0,14,3,synthetic_bank_accepted,randomForestClassifier
17857.791400000002,asubmitted,asubmitted,apartlysubmitted,apartlysubmitted,acancelled,apreaccepted,wcompletepreacceptedappl,acancelled,0,0,adeclined,wcompletepreacceptedappl,aaccepted,aaccepted,afinalized,10.0,14,4,synthetic_bank_accepted,randomForestClassifier
53672.90645,asubmitted,asubmitted,apartlysubmitted,apartlysubmitted,apreaccepted,wassessfraud,0,0,wcompletepreacceptedappl,0,adeclined,afinalized,adeclined,afinalized,oselected,10.0,14,5,synthetic_bank_accepted,randomForestClassifier
40554.1002,asubmitted,asubmitted,apartlysubmitted,apartlysubmitted,wfixincompletesubmission,acancelled,0,0,acancelled,adeclined,adeclined,aaccepted,adeclined,adeclined,oselected,10.0,14,6,synthetic_bank_accepted,randomForestClassifier
52950.73115,asubmitted,asubmitted,apartlysubmitted,apartlysubmitted,acancelled,acancelled,0,apreaccepted,wcompletepreacceptedappl,0,acancelled,afinalized,wcompletepreacceptedappl,aaccepted,ocreated,15.0,14,7,synthetic_bank_accepted,randomForestClassifier
44629.4869,asubmitted,asubmitted,apartlysubmitted,apartlysubmitted,acancelled,wfixincompletesubmission,acancelled,0,0,0,adeclined,acancelled,oselected,afinalized,aaccepted,15.0,14,8,synthetic_bank_accepted,randomForestClassifier
45030.8615,asubmitted,asubmitted,apartlysubmitted,apartlysubmitted,acancelled,acancelled,apreaccepted,wcompletepreacceptedappl,aaccepted,0,adeclined,acancelled,acancelled,odeclined,ocreated,15.0,14,9,synthetic_bank_accepted,randomForestClassifier
52596.0367,asubmitted,asubmitted,apartlysubmitted,apartlysubmitted,adeclined,acancelled,acancelled,0,odeclined,acancelled,adeclined,adeclined,adeclined,afinalized,ocreated,15.0,14,10,synthetic_bank_accepted,randomForestClassifier
44054.76605,asubmitted,asubmitted,apartlysubmitted,apartlysubmitted,apreaccepted,acancelled,wcompletepreacceptedappl,0,acancelled,odeclined,acancelled,acancelled,afinalized,oselected,odeclined,15.0,14,11,synthetic_bank_accepted,randomForestClassifier
55618.8356,asubmitted,asubmitted,apartlysubmitted,apartlysubmitted,acancelled,apreaccepted,wfixincompletesubmission,0,0,0,acancelled,wcompletepreacceptedappl,aaccepted,aaccepted,oselected,20.0,14,12,synthetic_bank_accepted,randomForestClassifier
55511.84519999999,asubmitted,asubmitted,apartlysubmitted,apartlysubmitted,acancelled,acancelled,0,0,acancelled,aaccepted,apreaccepted,acancelled,acancelled,acancelled,wcompletepreacceptedappl,20.0,14,13,synthetic_bank_accepted,randomForestClassifier
27730.0769,asubmitted,asubmitted,apartlysubmitted,apartlysubmitted,acancelled,wassessfraud,apreaccepted,0,wcompletepreacceptedappl,0,wcompletepreacceptedappl,wcompletepreacceptedappl,wcompletepreacceptedappl,wcompletepreacceptedappl,aaccepted,20.0,14,14,synthetic_bank_accepted,randomForestClassifier
53924.38955,asubmitted,asubmitted,apartlysubmitted,apartlysubmitted,acancelled,acancelled,acancelled,wfixincompletesubmission,0,acancelled,afinalized,adeclined,acancelled,afinalized,oselected,20.0,14,15,synthetic_bank_accepted,randomForestClassifier
29000.0005,asubmitted,asubmitted,apartlysubmitted,apartlysubmitted,acancelled,apreaccepted,wcompletepreacceptedappl,0,aaccepted,0,afinalized,afinalized,oselected,oselected,ocreated,20.0,14,16,synthetic_bank_accepted,randomForestClassifier
52719.1564,asubmitted,asubmitted,apartlysubmitted,apartlysubmitted,wfixincompletesubmission,wfixincompletesubmission,apreaccepted,adeclined,acancelled,aaccepted,aaccepted,acancelled,0,wcompletepreacceptedappl,wcompletepreacceptedappl,5.0,15,0,synthetic_bank_accepted,randomForestClassifier
42867.59545,asubmitted,asubmitted,apartlysubmitted,apartlysubmitted,wassessfraud,wfixincompletesubmission,0,acancelled,acancelled,0,acancelled,adeclined,afinalized,adeclined,afinalized,5.0,15,1,synthetic_bank_accepted,randomForestClassifier
52311.0861,asubmitted,asubmitted,apartlysubmitted,apartlysubmitted,adeclined,acancelled,acancelled,acancelled,odeclined,0,adeclined,afinalized,aaccepted,odeclined,odeclined,5.0,15,2,synthetic_bank_accepted,randomForestClassifier
17133.4766,asubmitted,asubmitted,apartlysubmitted,apartlysubmitted,wfixincompletesubmission,wfixincompletesubmission,acancelled,wfixincompletesubmission,apreaccepted,apreaccepted,acancelled,wcompletepreacceptedappl,wcompletepreacceptedappl,wcompletepreacceptedappl,aaccepted,5.0,15,3,synthetic_bank_accepted,randomForestClassifier
52780.196500000005,asubmitted,asubmitted,apartlysubmitted,apartlysubmitted,wfixincompletesubmission,wfixincompletesubmission,wfixincompletesubmission,acancelled,0,0,aaccepted,0,odeclined,odeclined,afinalized,10.0,15,4,synthetic_bank_accepted,randomForestClassifier
54597.666,asubmitted,asubmitted,apartlysubmitted,apartlysubmitted,wfixincompletesubmission,wfixincompletesubmission,wfixincompletesubmission,adeclined,apreaccepted,0,0,adeclined,wcompletepreacceptedappl,adeclined,oselected,10.0,15,5,synthetic_bank_accepted,randomForestClassifier
41292.549450000006,asubmitted,asubmitted,apartlysubmitted,apartlysubmitted,wfixincompletesubmission,wfixincompletesubmission,apreaccepted,acancelled,wfixincompletesubmission,apreaccepted,aaccepted,wcompletepreacceptedappl,adeclined,wcompletepreacceptedappl,aaccepted,10.0,15,6,synthetic_bank_accepted,randomForestClassifier
55562.03324999999,asubmitted,asubmitted,apartlysubmitted,apartlysubmitted,wfixincompletesubmission,wfixincompletesubmission,acancelled,acancelled,0,wfixincompletesubmission,aaccepted,aaccepted,odeclined,apreaccepted,wcompletepreacceptedappl,15.0,15,7,synthetic_bank_accepted,randomForestClassifier
46555.29705,asubmitted,asubmitted,apartlysubmitted,apartlysubmitted,wassessfraud,wfixincompletesubmission,acancelled,acancelled,0,wfixincompletesubmission,acancelled,acancelled,afinalized,acancelled,oselected,15.0,15,8,synthetic_bank_accepted,randomForestClassifier
46496.864499999996,asubmitted,asubmitted,apartlysubmitted,apartlysubmitted,wfixincompletesubmission,wfixincompletesubmission,acancelled,adeclined,wfixincompletesubmission,adeclined,0,acancelled,odeclined,adeclined,odeclined,15.0,15,9,synthetic_bank_accepted,randomForestClassifier
53033.917,asubmitted,asubmitted,apartlysubmitted,apartlysubmitted,wfixincompletesubmission,apreaccepted,acancelled,apreaccepted,wcompletepreacceptedappl,aaccepted,0,adeclined,odeclined,oselected,aaccepted,15.0,15,10,synthetic_bank_accepted,randomForestClassifier
50305.15415,asubmitted,asubmitted,apartlysubmitted,apartlysubmitted,wfixincompletesubmission,wfixincompletesubmission,acancelled,wfixincompletesubmission,wfixincompletesubmission,0,0,aaccepted,apreaccepted,adeclined,wcompletepreacceptedappl,20.0,15,11,synthetic_bank_accepted,randomForestClassifier
40212.5348,asubmitted,asubmitted,apartlysubmitted,apartlysubmitted,wfixincompletesubmission,wfixincompletesubmission,acancelled,acancelled,aaccepted,0,aaccepted,afinalized,adeclined,oselected,ocreated,20.0,15,12,synthetic_bank_accepted,randomForestClassifier
53620.5987,asubmitted,asubmitted,apartlysubmitted,apartlysubmitted,wfixincompletesubmission,wfixincompletesubmission,apreaccepted,acancelled,acancelled,wcompletepreacceptedappl,adeclined,0,adeclined,aaccepted,odeclined,20.0,15,13,synthetic_bank_accepted,randomForestClassifier
17999.9994,asubmitted,asubmitted,apartlysubmitted,apartlysubmitted,wfixincompletesubmission,wfixincompletesubmission,acancelled,acancelled,adeclined,adeclined,adeclined,wfixincompletesubmission,adeclined,aaccepted,afinalized,20.0,15,14,synthetic_bank_accepted,randomForestClassifier
51973.41855,asubmitted,asubmitted,apartlysubmitted,apartlysubmitted,wfixincompletesubmission,wfixincompletesubmission,apreaccepted,apreaccepted,apreaccepted,0,0,adeclined,oselected,wcompletepreacceptedappl,acancelled,20.0,15,15,synthetic_bank_accepted,randomForestClassifier
